mc,icpsrLegis,seniority,congress
INOUYE (D HI),4812,24,112
LEAHY (D VT),14307,18,112
HATCH (R UT),14503,17,112
LUGAR (R IN),14506,17,112
COCHRAN (R MS),14009,17,112
BAUCUS (D MT),14203,17,112
LEVIN (D MI),14709,16,112
GRASSLEY (R IA),14226,15,112
LAUTENBERG (D NJ),14914,4,112
BINGAMAN (D NM),14912,14,112
HARKIN (D IA),14230,13,112
KERRY (D MA),14920,13,112
MCCONNELL (R KY),14921,13,112
ROCKEFELLER (D WV),14922,13,112
MIKULSKI (D MD),14440,12,112
MCCAIN (R AZ),15039,12,112
REID (D NV),15054,12,112
CONRAD (D ND),15502,12,112
SHELBY (R AL),94659,12,112
COATS (R IN),14806,0,112
KOHL (D WI),15703,11,112
LIEBERMAN (D CT),15704,11,112
AKAKA (D HI),14400,11,112
FEINSTEIN (D CA),49300,10,112
BOXER (D CA),15011,9,112
HUTCHISON (R TX),49306,9,112
MURRAY (D WA),49308,9,112
INHOFE (R OK),15424,9,112
SNOWE (R ME),14661,8,112
KYL (R AZ),15429,8,112
WYDEN (D OR),14871,8,112
ROBERTS (R KS),14852,7,112
DURBIN (D IL),15021,7,112
JOHNSON (D SD),15425,7,112
REED (D RI),29142,7,112
SESSIONS (R AL),49700,7,112
LANDRIEU (D LA),49702,7,112
COLLINS (R ME),49703,7,112
ENZI (R WY),49706,7,112
SCHUMER (D NY),14858,6,112
CRAPO (R ID),29345,6,112
NELSON (D FL),14651,5,112
CARPER (D DE),15015,5,112
ENSIGN (R NV),29537,5,112
STABENOW (D MI),29732,5,112
CANTWELL (D WA),39310,5,112
NELSON (D NE),40103,5,112
MURKOWSKI (R AK),40300,5,112
CORNYN (R TX),40305,5,112
CHAMBLISS (R GA),29512,4,112
GRAHAM (R SC),29566,4,112
PRYOR (D AR),40301,4,112
ALEXANDER (R TN),40304,4,112
BURR (R NC),29548,3,112
COBURN (R OK),29555,3,112
THUNE (R SD),29754,3,112
ISAKSON (R GA),29909,3,112
VITTER (R LA),29918,3,112
DEMINT (R SC),29936,3,112
MENENDEZ (D NJ),29373,3,112
CARDIN (D MD),15408,2,112
SANDERS (Indep VT),29147,2,112
BROWN (D OH),29389,2,112
WICKER (R MS),29534,2,112
KLOBUCHAR (D MN),40700,2,112
MCCASKILL (D MO),40701,2,112
TESTER (D MT),40702,2,112
CASEY (D PA),40703,2,112
WHITEHOUSE (D RI),40704,2,112
CORKER (R TN),40705,2,112
WEBB (D VA),40706,2,112
BARASSO (R WY),40707,2,112
GILLIBRAND (D NY),20735,1,112
UDALL (D CO),29906,1,112
UDALL (D NM),29924,1,112
BEGICH (D AK),40900,1,112
RISCH (R ID),40902,1,112
FRANKEN (D MN),40904,1,112
JOHANNS (R NE),40905,1,112
SHAHEEN (D NH),40906,1,112
HAGAN (D NC),40907,1,112
MERKLEY (D OR),40908,1,112
WARNER (D VA),40909,1,112
BENNET (D CO),40910,1,112
KIRK (R IL),20115,1,112
BROWN (R MA),40913,1,112
MANCHIN (D WV),40915,1,112
COONS (D DE),40916,1,112
BOOZMAN (R AR),20101,0,112
HELLER (R NV),20730,0,112
PORTMAN (R OH),29386,0,112
MORAN (R KS),29722,0,112
BLUNT (R MO),29735,0,112
TOOMEY (R PA),29935,0,112
BLUMENTHAL (D CT),41101,0,112
RUBIO (R FL),41102,0,112
PAUL (R KY),41104,0,112
AYOTTE (R NH),41106,0,112
HOEVEN (R ND),41107,0,112
LEE (R UT),41110,0,112
JOHNSON (R WI),41111,0,112
SCHATZ (D HI),41112,0,112
BYRD (D WV),1366,25,111
KENNEDY (D MA),10808,24,111
INOUYE (D HI),4812,23,111
BIDEN (D DE),14101,18,111
LEAHY (D VT),14307,17,111
HATCH (R UT),14503,16,111
LUGAR (R IN),14506,16,111
COCHRAN (R MS),14009,16,111
BAUCUS (D MT),14203,16,111
LEVIN (D MI),14709,15,111
DODD (D CT),14213,14,111
GRASSLEY (R IA),14226,14,111
SPECTER (R PA),14910,14,111
SPECTER (D PA),94910,14,111
LAUTENBERG (D NJ),14914,14,111
BINGAMAN (D NM),14912,13,111
HARKIN (D IA),14230,12,111
KERRY (D MA),14920,12,111
MCCONNELL (R KY),14921,12,111
ROCKEFELLER (D WV),14922,12,111
MIKULSKI (D MD),14440,11,111
MCCAIN (R AZ),15039,11,111
REID (D NV),15054,11,111
BOND (R MO),15501,11,111
CONRAD (D ND),15502,11,111
SHELBY (R AL),94659,11,111
KOHL (D WI),15703,10,111
LIEBERMAN (D CT),15704,10,111
AKAKA (D HI),14400,10,111
DORGAN (D ND),14812,9,111
FEINSTEIN (D CA),49300,9,111
GREGG (R NH),14826,9,111
BOXER (D CA),15011,8,111
HUTCHISON (R TX),49306,8,111
BENNETT (R UT),49307,8,111
MURRAY (D WA),49308,8,111
FEINGOLD (D WI),49309,8,111
INHOFE (R OK),15424,8,111
SNOWE (R ME),14661,7,111
KYL (R AZ),15429,7,111
WYDEN (D OR),14871,7,111
BROWNBACK (R KS),29523,7,111
ROBERTS (R KS),14852,6,111
DURBIN (D IL),15021,6,111
JOHNSON (D SD),15425,6,111
REED (D RI),29142,6,111
SESSIONS (R AL),49700,6,111
LANDRIEU (D LA),49702,6,111
COLLINS (R ME),49703,6,111
ENZI (R WY),49706,6,111
SCHUMER (D NY),14858,5,111
BUNNING (R KY),15406,5,111
LINCOLN (D AR),29305,5,111
CRAPO (R ID),29345,5,111
BAYH (D IN),49901,5,111
VOINOVICH (R OH),49903,5,111
NELSON (D FL),14651,4,111
CARPER (D DE),15015,4,111
ENSIGN (R NV),29537,4,111
STABENOW (D MI),29732,4,111
CANTWELL (D WA),39310,4,111
NELSON (D NE),40103,4,111
CLINTON (D NY),40105,4,111
MURKOWSKI (R AK),40300,4,111
CORNYN (R TX),40305,4,111
CHAMBLISS (R GA),29512,3,111
GRAHAM (R SC),29566,3,111
PRYOR (D AR),40301,3,111
ALEXANDER (R TN),40304,3,111
BURR (R NC),29548,2,111
COBURN (R OK),29555,2,111
THUNE (R SD),29754,2,111
ISAKSON (R GA),29909,2,111
VITTER (R LA),29918,2,111
DEMINT (R SC),29936,2,111
SALAZAR (D CO),40500,2,111
MARTINEZ (R FL),40501,2,111
MENENDEZ (D NJ),29373,2,111
CARDIN (D MD),15408,1,111
SANDERS (Indep VT),29147,1,111
BROWN (D OH),29389,1,111
WICKER (R MS),29534,1,111
KLOBUCHAR (D MN),40700,1,111
MCCASKILL (D MO),40701,1,111
TESTER (D MT),40702,1,111
CASEY (D PA),40703,1,111
WHITEHOUSE (D RI),40704,1,111
CORKER (R TN),40705,1,111
WEBB (D VA),40706,1,111
BARASSO (R WY),40707,1,111
GILLIBRAND (D NY),20735,0,111
UDALL (D CO),29906,0,111
UDALL (D NM),29924,0,111
BEGICH (D AK),40900,0,111
KAUFMAN (D DE),40901,0,111
RISCH (R ID),40902,0,111
BURRIS (D IL),40903,0,111
FRANKEN (D MN),40904,0,111
JOHANNS (R NE),40905,0,111
SHAHEEN (D NH),40906,0,111
HAGAN (D NC),40907,0,111
MERKLEY (D OR),40908,0,111
WARNER (D VA),40909,0,111
BENNET (D CO),40910,0,111
LEMIEUX (R FL),40911,0,111
KIRK (D MA),40912,0,111
KIRK (R IL),20115,0,111
BROWN (R MA),40913,0,111
GOODWIN (D WV),40914,0,111
MANCHIN (D WV),40915,0,111
COONS (D DE),40916,0,111
BYRD (D WV),1366,24,110
KENNEDY (D MA),10808,23,110
INOUYE (D HI),4812,22,110
STEVENS (R AK),12109,20,110
BIDEN (D DE),14101,18,110
DOMENICI (R NM),14103,18,110
LEAHY (D VT),14307,17,110
HATCH (R UT),14503,16,110
LUGAR (R IN),14506,16,110
COCHRAN (R MS),14009,16,110
BAUCUS (D MT),14203,16,110
LEVIN (D MI),14709,15,110
WARNER (R VA),14712,15,110
DODD (D CT),14213,14,110
GRASSLEY (R IA),14226,14,110
SPECTER (R PA),14910,14,110
LAUTENBERG (D NJ),14914,2,110
BINGAMAN (D NM),14912,13,110
HARKIN (D IA),14230,12,110
KERRY (D MA),14920,12,110
MCCONNELL (R KY),14921,12,110
ROCKEFELLER (D WV),14922,12,110
MIKULSKI (D MD),14440,11,110
MCCAIN (R AZ),15039,11,110
REID (D NV),15054,11,110
BOND (R MO),15501,11,110
CONRAD (D ND),15502,11,110
SHELBY (R AL),94659,11,110
LOTT (R MS),14031,10,110
KOHL (D WI),15703,10,110
LIEBERMAN (D CT),15704,10,110
AKAKA (D HI),14400,10,110
CRAIG (R ID),14809,9,110
DORGAN (D ND),14812,9,110
FEINSTEIN (D CA),49300,9,110
GREGG (R NH),14826,8,110
BOXER (D CA),15011,8,110
HUTCHISON (R TX),49306,8,110
BENNETT (R UT),49307,8,110
MURRAY (D WA),49308,8,110
FEINGOLD (D WI),49309,8,110
INHOFE (R OK),15424,8,110
SNOWE (R ME),14661,7,110
KYL (R AZ),15429,7,110
THOMAS (R WY),15633,7,110
WYDEN (D OR),14871,7,110
BROWNBACK (R KS),29523,7,110
ROBERTS (R KS),14852,6,110
DURBIN (D IL),15021,6,110
JOHNSON (D SD),15425,6,110
ALLARD (R CO),29108,6,110
REED (D RI),29142,6,110
SESSIONS (R AL),49700,6,110
LANDRIEU (D LA),49702,6,110
COLLINS (R ME),49703,6,110
HAGEL (R NE),49704,6,110
SMITH (R OR),49705,6,110
ENZI (R WY),49706,6,110
SCHUMER (D NY),14858,5,110
BUNNING (R KY),15406,5,110
LINCOLN (D AR),29305,5,110
CRAPO (R ID),29345,5,110
BAYH (D IN),49901,5,110
VOINOVICH (R OH),49903,5,110
NELSON (D FL),14651,4,110
CARPER (D DE),15015,4,110
ENSIGN (R NV),29537,4,110
STABENOW (D MI),29732,4,110
CANTWELL (D WA),39310,4,110
NELSON (D NE),40103,4,110
CLINTON (D NY),40105,4,110
MURKOWSKI (R AK),40300,3,110
CORNYN (R TX),40305,3,110
CHAMBLISS (R GA),29512,2,110
GRAHAM (R SC),29566,2,110
SUNUNU (R NH),29740,2,110
PRYOR (D AR),40301,2,110
COLEMAN (R MN),40302,2,110
DOLE (R NC),40303,2,110
ALEXANDER (R TN),40304,2,110
BURR (R NC),29548,1,110
COBURN (R OK),29555,1,110
THUNE (R SD),29754,1,110
ISAKSON (R GA),29909,1,110
VITTER (R LA),29918,1,110
DEMINT (R SC),29936,1,110
SALAZAR (D CO),40500,1,110
MARTINEZ (R FL),40501,1,110
OBAMA (D IL),40502,1,110
MENENDEZ (D NJ),29373,1,110
CARDIN (D MD),15408,0,110
SANDERS (Indep VT),29147,0,110
BROWN (D OH),29389,0,110
WICKER (R MS),29534,0,110
KLOBUCHAR (D MN),40700,0,110
MCCASKILL (D MO),40701,0,110
TESTER (D MT),40702,0,110
CASEY (D PA),40703,0,110
WHITEHOUSE (D RI),40704,0,110
CORKER (R TN),40705,0,110
WEBB (D VA),40706,0,110
BARASSO (R WY),40707,0,110
BYRD (D WV),1366,23,109
KENNEDY (D MA),10808,22,109
INOUYE (D HI),4812,21,109
STEVENS (R AK),12109,19,109
BIDEN (D DE),14101,16,109
DOMENICI (R NM),14103,16,109
LEAHY (D VT),14307,15,109
SARBANES (D MD),13039,14,109
HATCH (R UT),14503,14,109
LUGAR (R IN),14506,14,109
COCHRAN (R MS),14009,14,109
BAUCUS (D MT),14203,14,109
LEVIN (D MI),14709,13,109
WARNER (R VA),14712,13,109
DODD (D CT),14213,12,109
GRASSLEY (R IA),14226,12,109
SPECTER (R PA),14910,12,109
LAUTENBERG (D NJ),14914,1,109
BINGAMAN (D NM),14912,11,109
HARKIN (D IA),14230,10,109
KERRY (D MA),14920,10,109
MCCONNELL (R KY),14921,10,109
ROCKEFELLER (D WV),14922,10,109
MIKULSKI (D MD),14440,9,109
MCCAIN (R AZ),15039,9,109
REID (D NV),15054,9,109
BOND (R MO),15501,9,109
CONRAD (D ND),15502,9,109
SHELBY (R AL),94659,9,109
LOTT (R MS),14031,8,109
BURNS (R MT),15701,8,109
KOHL (D WI),15703,8,109
LIEBERMAN (D CT),15704,8,109
JEFFORDS (Indep VT),94240,8,109
AKAKA (D HI),14400,8,109
CRAIG (R ID),14809,7,109
DORGAN (D ND),14812,7,109
FEINSTEIN (D CA),49300,7,109
GREGG (R NH),14826,6,109
BOXER (D CA),15011,6,109
HUTCHISON (R TX),49306,6,109
BENNETT (R UT),49307,6,109
MURRAY (D WA),49308,6,109
FEINGOLD (D WI),49309,6,109
INHOFE (R OK),15424,6,109
SNOWE (R ME),14661,5,109
DEWINE (R OH),15020,5,109
KYL (R AZ),15429,5,109
THOMAS (R WY),15633,5,109
SANTORUM (R PA),29141,5,109
FRIST (R TN),49502,5,109
WYDEN (D OR),14871,5,109
BROWNBACK (R KS),29523,5,109
ROBERTS (R KS),14852,4,109
DURBIN (D IL),15021,4,109
JOHNSON (D SD),15425,4,109
ALLARD (R CO),29108,4,109
REED (D RI),29142,4,109
SESSIONS (R AL),49700,4,109
LANDRIEU (D LA),49702,4,109
COLLINS (R ME),49703,4,109
HAGEL (R NE),49704,4,109
SMITH (R OR),49705,4,109
ENZI (R WY),49706,4,109
SCHUMER (D NY),14858,3,109
BUNNING (R KY),15406,3,109
LINCOLN (D AR),29305,3,109
CRAPO (R ID),29345,3,109
BAYH (D IN),49901,3,109
VOINOVICH (R OH),49903,3,109
CHAFEE (R RI),49905,3,109
NELSON (D FL),14651,2,109
CARPER (D DE),15015,2,109
ALLEN (R VA),29148,2,109
ENSIGN (R NV),29537,2,109
STABENOW (D MI),29732,2,109
CANTWELL (D WA),39310,2,109
DAYTON (D MN),40101,2,109
NELSON (D NE),40103,2,109
CORZINE (D NJ),40104,2,109
CLINTON (D NY),40105,2,109
TALENT (R MO),29369,2,109
MURKOWSKI (R AK),40300,2,109
CORNYN (R TX),40305,2,109
CHAMBLISS (R GA),29512,1,109
GRAHAM (R SC),29566,1,109
SUNUNU (R NH),29740,1,109
PRYOR (D AR),40301,1,109
COLEMAN (R MN),40302,1,109
DOLE (R NC),40303,1,109
ALEXANDER (R TN),40304,1,109
BURR (R NC),29548,0,109
COBURN (R OK),29555,0,109
THUNE (R SD),29754,0,109
ISAKSON (R GA),29909,0,109
VITTER (R LA),29918,0,109
DEMINT (R SC),29936,0,109
SALAZAR (D CO),40500,0,109
MARTINEZ (R FL),40501,0,109
OBAMA (D IL),40502,0,109
MENENDEZ (D NJ),29373,0,109
BYRD (D WV),1366,22,108
KENNEDY (D MA),10808,21,108
INOUYE (D HI),4812,20,108
HOLLINGS (D SC),11204,19,108
STEVENS (R AK),12109,18,108
BIDEN (D DE),14101,15,108
DOMENICI (R NM),14103,15,108
LEAHY (D VT),14307,14,108
SARBANES (D MD),13039,13,108
HATCH (R UT),14503,13,108
LUGAR (R IN),14506,13,108
COCHRAN (R MS),14009,13,108
BAUCUS (D MT),14203,13,108
LEVIN (D MI),14709,12,108
WARNER (R VA),14712,12,108
DODD (D CT),14213,11,108
GRASSLEY (R IA),14226,11,108
NICKLES (R OK),14908,11,108
SPECTER (R PA),14910,11,108
LAUTENBERG (D NJ),14914,0,108
BINGAMAN (D NM),14912,10,108
HARKIN (D IA),14230,9,108
KERRY (D MA),14920,9,108
MCCONNELL (R KY),14921,9,108
ROCKEFELLER (D WV),14922,9,108
BREAUX (D LA),13056,8,108
MIKULSKI (D MD),14440,8,108
DASCHLE (D SD),14617,8,108
MCCAIN (R AZ),15039,8,108
REID (D NV),15054,8,108
BOND (R MO),15501,8,108
CONRAD (D ND),15502,8,108
GRAHAM (D FL),15503,8,108
SHELBY (R AL),94659,8,108
LOTT (R MS),14031,7,108
BURNS (R MT),15701,7,108
KOHL (D WI),15703,7,108
LIEBERMAN (D CT),15704,7,108
JEFFORDS (Indep VT),94240,7,108
AKAKA (D HI),14400,7,108
CRAIG (R ID),14809,6,108
DORGAN (D ND),14812,6,108
FEINSTEIN (D CA),49300,6,108
GREGG (R NH),14826,5,108
BOXER (D CA),15011,5,108
HUTCHISON (R TX),49306,5,108
BENNETT (R UT),49307,5,108
MURRAY (D WA),49308,5,108
FEINGOLD (D WI),49309,5,108
CAMPBELL (R CO),95407,5,108
INHOFE (R OK),15424,5,108
SNOWE (R ME),14661,4,108
DEWINE (R OH),15020,4,108
KYL (R AZ),15429,4,108
THOMAS (R WY),15633,4,108
SANTORUM (R PA),29141,4,108
FRIST (R TN),49502,4,108
WYDEN (D OR),14871,4,108
BROWNBACK (R KS),29523,4,108
ROBERTS (R KS),14852,3,108
DURBIN (D IL),15021,3,108
JOHNSON (D SD),15425,3,108
ALLARD (R CO),29108,3,108
REED (D RI),29142,3,108
SESSIONS (R AL),49700,3,108
LANDRIEU (D LA),49702,3,108
COLLINS (R ME),49703,3,108
HAGEL (R NE),49704,3,108
SMITH (R OR),49705,3,108
ENZI (R WY),49706,3,108
SCHUMER (D NY),14858,2,108
BUNNING (R KY),15406,2,108
LINCOLN (D AR),29305,2,108
CRAPO (R ID),29345,2,108
FITZGERALD (R IL),49900,2,108
BAYH (D IN),49901,2,108
EDWARDS (D NC),49902,2,108
VOINOVICH (R OH),49903,2,108
CHAFEE (R RI),49905,2,108
MILLER (D GA),49904,2,108
NELSON (D FL),14651,1,108
CARPER (D DE),15015,1,108
ALLEN (R VA),29148,1,108
ENSIGN (R NV),29537,1,108
STABENOW (D MI),29732,1,108
CANTWELL (D WA),39310,1,108
DAYTON (D MN),40101,1,108
NELSON (D NE),40103,1,108
CORZINE (D NJ),40104,1,108
CLINTON (D NY),40105,1,108
TALENT (R MO),29369,1,108
MURKOWSKI (R AK),40300,1,108
CORNYN (R TX),40305,1,108
CHAMBLISS (R GA),29512,0,108
GRAHAM (R SC),29566,0,108
SUNUNU (R NH),29740,0,108
PRYOR (D AR),40301,0,108
COLEMAN (R MN),40302,0,108
DOLE (R NC),40303,0,108
ALEXANDER (R TN),40304,0,108
THURMOND (R SC),9369,24,107
BYRD (D WV),1366,21,107
KENNEDY (D MA),10808,20,107
INOUYE (D HI),4812,19,107
HOLLINGS (D SC),11204,18,107
STEVENS (R AK),12109,17,107
BIDEN (D DE),14101,14,107
DOMENICI (R NM),14103,14,107
HELMS (R NC),14105,14,107
LEAHY (D VT),14307,13,107
SARBANES (D MD),13039,12,107
HATCH (R UT),14503,12,107
LUGAR (R IN),14506,12,107
COCHRAN (R MS),14009,12,107
BAUCUS (D MT),14203,12,107
LEVIN (D MI),14709,11,107
WARNER (R VA),14712,11,107
DODD (D CT),14213,10,107
GRASSLEY (R IA),14226,10,107
MURKOWSKI (R AK),14907,10,107
NICKLES (R OK),14908,10,107
SPECTER (R PA),14910,10,107
BINGAMAN (D NM),14912,9,107
HARKIN (D IA),14230,8,107
GRAMM (R TX),14628,8,107
KERRY (D MA),14920,8,107
MCCONNELL (R KY),14921,8,107
ROCKEFELLER (D WV),14922,8,107
BREAUX (D LA),13056,7,107
MIKULSKI (D MD),14440,7,107
DASCHLE (D SD),14617,7,107
MCCAIN (R AZ),15039,7,107
REID (D NV),15054,7,107
BOND (R MO),15501,7,107
CONRAD (D ND),15502,7,107
GRAHAM (D FL),15503,7,107
SHELBY (R AL),94659,7,107
LOTT (R MS),14031,6,107
JEFFORDS (R VT),14240,6,107
BURNS (R MT),15701,6,107
KOHL (D WI),15703,6,107
LIEBERMAN (D CT),15704,6,107
JEFFORDS (Indep VT),94240,6,107
AKAKA (D HI),14400,6,107
CRAIG (R ID),14809,5,107
SMITH (R NH),15116,6,107
WELLSTONE (D MN),49101,5,107
DORGAN (D ND),14812,5,107
FEINSTEIN (D CA),49300,5,107
GREGG (R NH),14826,4,107
BOXER (D CA),15011,4,107
HUTCHISON (R TX),49306,4,107
BENNETT (R UT),49307,4,107
MURRAY (D WA),49308,4,107
FEINGOLD (D WI),49309,4,107
CAMPBELL (R CO),95407,4,107
INHOFE (R OK),15424,4,107
THOMPSON (R TN),49503,4,107
SNOWE (R ME),14661,3,107
DEWINE (R OH),15020,3,107
KYL (R AZ),15429,3,107
THOMAS (R WY),15633,3,107
SANTORUM (R PA),29141,3,107
FRIST (R TN),49502,3,107
WYDEN (D OR),14871,3,107
BROWNBACK (R KS),29523,3,107
ROBERTS (R KS),14852,2,107
DURBIN (D IL),15021,2,107
TORRICELLI (D NJ),15071,2,107
JOHNSON (D SD),15425,2,107
ALLARD (R CO),29108,2,107
REED (D RI),29142,2,107
HUTCHINSON (R AR),29306,2,107
SESSIONS (R AL),49700,2,107
CLELAND (D GA),49701,2,107
LANDRIEU (D LA),49702,2,107
COLLINS (R ME),49703,2,107
HAGEL (R NE),49704,2,107
SMITH (R OR),49705,2,107
ENZI (R WY),49706,2,107
SCHUMER (D NY),14858,1,107
BUNNING (R KY),15406,1,107
LINCOLN (D AR),29305,1,107
CRAPO (R ID),29345,1,107
FITZGERALD (R IL),49900,1,107
BAYH (D IN),49901,1,107
EDWARDS (D NC),49902,1,107
VOINOVICH (R OH),49903,1,107
CHAFEE (R RI),49905,1,107
MILLER (D GA),49904,1,107
NELSON (D FL),14651,0,107
CARPER (D DE),15015,0,107
ALLEN (R VA),29148,0,107
ENSIGN (R NV),29537,0,107
STABENOW (D MI),29732,0,107
CANTWELL (D WA),39310,0,107
DAYTON (D MN),40101,0,107
CARNAHAN (D MO),40102,0,107
NELSON (D NE),40103,0,107
CORZINE (D NJ),40104,0,107
CLINTON (D NY),40105,0,107
BARKLEY (Indep MN),40106,0,107
THURMOND (R SC),9369,23,106
BYRD (D WV),1366,20,106
KENNEDY (D MA),10808,19,106
INOUYE (D HI),4812,18,106
HOLLINGS (D SC),11204,17,106
STEVENS (R AK),12109,16,106
ROTH (R DE),11044,14,106
BIDEN (D DE),14101,13,106
DOMENICI (R NM),14103,13,106
HELMS (R NC),14105,13,106
LEAHY (D VT),14307,12,106
CHAFEE (R RI),14500,12,106
SARBANES (D MD),13039,11,106
HATCH (R UT),14503,11,106
LUGAR (R IN),14506,11,106
MOYNIHAN (D NY),14508,11,106
COCHRAN (R MS),14009,11,106
BAUCUS (D MT),14203,11,106
LEVIN (D MI),14709,10,106
WARNER (R VA),14712,10,106
DODD (D CT),14213,9,106
GRASSLEY (R IA),14226,9,106
GORTON (R WA),14904,9,106
MURKOWSKI (R AK),14907,9,106
NICKLES (R OK),14908,9,106
SPECTER (R PA),14910,9,106
LAUTENBERG (D NJ),14914,9,106
BINGAMAN (D NM),14912,8,106
HARKIN (D IA),14230,7,106
GRAMM (R TX),14628,7,106
KERRY (D MA),14920,7,106
MCCONNELL (R KY),14921,7,106
ROCKEFELLER (D WV),14922,7,106
BREAUX (D LA),13056,6,106
MIKULSKI (D MD),14440,6,106
DASCHLE (D SD),14617,6,106
MCCAIN (R AZ),15039,6,106
REID (D NV),15054,6,106
BOND (R MO),15501,6,106
CONRAD (D ND),15502,6,106
GRAHAM (D FL),15503,6,106
SHELBY (R AL),94659,6,106
LOTT (R MS),14031,5,106
JEFFORDS (R VT),14240,5,106
MACK (R FL),15037,5,106
BRYAN (D NV),15700,5,106
BURNS (R MT),15701,5,106
KERREY (D NE),15702,5,106
KOHL (D WI),15703,5,106
LIEBERMAN (D CT),15704,5,106
ROBB (D VA),15705,5,106
AKAKA (D HI),14400,5,106
CRAIG (R ID),14809,4,106
SMITH (R NH),15116,5,106
WELLSTONE (D MN),49101,4,106
DORGAN (D ND),14812,4,106
FEINSTEIN (D CA),49300,4,106
GREGG (R NH),14826,3,106
BOXER (D CA),15011,3,106
COVERDELL (R GA),49301,3,106
HUTCHISON (R TX),49306,3,106
BENNETT (R UT),49307,3,106
MURRAY (D WA),49308,3,106
FEINGOLD (D WI),49309,3,106
CAMPBELL (R CO),95407,3,106
INHOFE (R OK),15424,3,106
THOMPSON (R TN),49503,3,106
SNOWE (R ME),14661,2,106
DEWINE (R OH),15020,2,106
KYL (R AZ),15429,2,106
THOMAS (R WY),15633,2,106
SANTORUM (R PA),29141,2,106
GRAMS (R MN),29367,2,106
ABRAHAM (R MI),49500,2,106
ASHCROFT (R MO),49501,2,106
FRIST (R TN),49502,2,106
WYDEN (D OR),14871,2,106
BROWNBACK (R KS),29523,2,106
ROBERTS (R KS),14852,1,106
DURBIN (D IL),15021,1,106
TORRICELLI (D NJ),15071,1,106
JOHNSON (D SD),15425,1,106
ALLARD (R CO),29108,1,106
REED (D RI),29142,1,106
HUTCHINSON (R AR),29306,1,106
SESSIONS (R AL),49700,1,106
CLELAND (D GA),49701,1,106
LANDRIEU (D LA),49702,1,106
COLLINS (R ME),49703,1,106
HAGEL (R NE),49704,1,106
SMITH (R OR),49705,1,106
ENZI (R WY),49706,1,106
SCHUMER (D NY),14858,0,106
BUNNING (R KY),15406,0,106
LINCOLN (D AR),29305,0,106
CRAPO (R ID),29345,0,106
FITZGERALD (R IL),49900,0,106
BAYH (D IN),49901,0,106
EDWARDS (D NC),49902,0,106
VOINOVICH (R OH),49903,0,106
CHAFEE (R RI) 49905,49905,0,106
CHAFEE (R RI),49905,0,106
MILLER (D GA),49904,0,106
THURMOND (R SC),9369,22,105
BYRD (D WV),1366,19,105
KENNEDY (D MA),10808,18,105
INOUYE (D HI),4812,17,105
HOLLINGS (D SC),11204,16,105
STEVENS (R AK),12109,15,105
ROTH (R DE),11044,13,105
BIDEN (D DE),14101,12,105
DOMENICI (R NM),14103,12,105
HELMS (R NC),14105,12,105
FORD (D KY),14302,12,105
GLENN (D OH),14304,12,105
BUMPERS (D AR),14300,11,105
LEAHY (D VT),14307,11,105
CHAFEE (R RI),14500,11,105
SARBANES (D MD),13039,10,105
HATCH (R UT),14503,10,105
LUGAR (R IN),14506,10,105
MOYNIHAN (D NY),14508,10,105
COCHRAN (R MS),14009,10,105
BAUCUS (D MT),14203,10,105
LEVIN (D MI),14709,9,105
WARNER (R VA),14712,9,105
DODD (D CT),14213,8,105
GRASSLEY (R IA),14226,8,105
D'AMATO (R NY),14900,8,105
GORTON (R WA),14904,4,105
MURKOWSKI (R AK),14907,8,105
NICKLES (R OK),14908,8,105
SPECTER (R PA),14910,8,105
LAUTENBERG (D NJ),14914,8,105
BINGAMAN (D NM),14912,7,105
HARKIN (D IA),14230,6,105
GRAMM (R TX),14628,6,105
KERRY (D MA),14920,6,105
MCCONNELL (R KY),14921,6,105
ROCKEFELLER (D WV),14922,6,105
BREAUX (D LA),13056,5,105
MIKULSKI (D MD),14440,5,105
DASCHLE (D SD),14617,5,105
MCCAIN (R AZ),15039,5,105
REID (D NV),15054,5,105
BOND (R MO),15501,5,105
CONRAD (D ND),15502,5,105
GRAHAM (D FL),15503,5,105
SHELBY (R AL),94659,5,105
LOTT (R MS),14031,4,105
JEFFORDS (R VT),14240,4,105
COATS (R IN),14806,4,105
MACK (R FL),15037,4,105
BRYAN (D NV),15700,4,105
BURNS (R MT),15701,4,105
KERREY (D NE),15702,4,105
KOHL (D WI),15703,4,105
LIEBERMAN (D CT),15704,4,105
ROBB (D VA),15705,4,105
AKAKA (D HI),14400,4,105
CRAIG (R ID),14809,3,105
SMITH (R NH),15116,4,105
WELLSTONE (D MN),49101,3,105
DORGAN (D ND),14812,3,105
FEINSTEIN (D CA),49300,3,105
GREGG (R NH),14826,2,105
BOXER (D CA),15011,2,105
COVERDELL (R GA),49301,2,105
KEMPTHORNE (R ID),49302,2,105
MOSELEY-BRA (D IL),49303,2,105
FAIRCLOTH (R NC),49304,2,105
HUTCHISON (R TX),49306,2,105
BENNETT (R UT),49307,2,105
MURRAY (D WA),49308,2,105
FEINGOLD (D WI),49309,2,105
CAMPBELL (R CO),95407,2,105
INHOFE (R OK),15424,2,105
THOMPSON (R TN),49503,2,105
SNOWE (R ME),14661,1,105
DEWINE (R OH),15020,1,105
KYL (R AZ),15429,1,105
THOMAS (R WY),15633,1,105
SANTORUM (R PA),29141,1,105
GRAMS (R MN),29367,1,105
ABRAHAM (R MI),49500,1,105
ASHCROFT (R MO),49501,1,105
FRIST (R TN),49502,1,105
WYDEN (D OR),14871,1,105
BROWNBACK (R KS),29523,1,105
ROBERTS (R KS),14852,0,105
DURBIN (D IL),15021,0,105
TORRICELLI (D NJ),15071,0,105
JOHNSON (D SD),15425,0,105
ALLARD (R CO),29108,0,105
REED (D RI),29142,0,105
HUTCHINSON (R AR),29306,0,105
SESSIONS (R AL),49700,0,105
CLELAND (D GA),49701,0,105
LANDRIEU (D LA),49702,0,105
COLLINS (R ME),49703,0,105
HAGEL (R NE),49704,0,105
SMITH (R OR),49705,0,105
ENZI (R WY),49706,0,105
BYRD (D WV),1366,18,104
INOUYE (D HI),4812,16,104
THURMOND (R SC),9369,21,104
DOLE (R KS),10513,13,104
PRYOR (D AR),10791,8,104
KENNEDY (D MA),10808,17,104
PELL (D RI),10818,17,104
ROTH (R DE),11044,12,104
HATFIELD (R OR),11203,14,104
HOLLINGS (D SC),11204,15,104
PACKWOOD (R OR),12107,13,104
STEVENS (R AK),12109,14,104
SARBANES (D MD),13039,9,104
BREAUX (D LA),13056,3,104
COCHRAN (R MS),14009,9,104
COHEN (R ME),14010,8,104
LOTT (R MS),14031,3,104
BIDEN (D DE),14101,11,104
DOMENICI (R NM),14103,11,104
HELMS (R NC),14105,11,104
JOHNSTON (D LA),14107,12,104
NUNN (D GA),14108,11,104
BAUCUS (D MT),14203,9,104
DODD (D CT),14213,7,104
GRASSLEY (R IA),14226,7,104
HARKIN (D IA),14230,5,104
JEFFORDS (R VT),14240,3,104
PRESSLER (R SD),14268,8,104
SIMON (D IL),14275,5,104
BUMPERS (D AR),14300,10,104
FORD (D KY),14302,11,104
GLENN (D OH),14304,11,104
LEAHY (D VT),14307,10,104
AKAKA (D HI),14400,3,104
MIKULSKI (D MD),14440,4,104
CHAFEE (R RI),14500,10,104
HATCH (R UT),14503,9,104
LUGAR (R IN),14506,9,104
MOYNIHAN (D NY),14508,9,104
DASCHLE (D SD),14617,4,104
GRAMM (R TX),14628,5,104
SNOWE (R ME),14661,0,104
BRADLEY (D NJ),14702,8,104
EXON (D NE),14704,8,104
HEFLIN (D AL),14705,8,104
KASSEBAUM (R KS),14708,8,104
LEVIN (D MI),14709,8,104
SIMPSON (R WY),14710,8,104
WARNER (R VA),14712,8,104
BROWN (R CO),14803,2,104
COATS (R IN),14806,3,104
CRAIG (R ID),14809,2,104
DORGAN (D ND),14812,2,104
GREGG (R NH),14826,1,104
WYDEN (D OR),14871,0,104
D'AMATO (R NY),14900,7,104
GORTON (R WA),14904,3,104
MURKOWSKI (R AK),14907,7,104
NICKLES (R OK),14908,7,104
SPECTER (R PA),14910,7,104
BINGAMAN (D NM),14912,6,104
LAUTENBERG (D NJ),14914,7,104
KERRY (D MA),14920,5,104
MCCONNELL (R KY),14921,5,104
ROCKEFELLER (D WV),14922,5,104
BOXER (D CA),15011,1,104
DEWINE (R OH),15020,0,104
MACK (R FL),15037,3,104
MCCAIN (R AZ),15039,4,104
REID (D NV),15054,4,104
SMITH (R NH),15116,2,104
CAMPBELL (D CO),15407,1,104
INHOFE (R OK),15424,1,104
KYL (R AZ),15429,0,104
BOND (R MO),15501,4,104
CONRAD (D ND),15502,4,104
GRAHAM (D FL),15503,4,104
THOMAS (R WY),15633,0,104
BRYAN (D NV),15700,3,104
BURNS (R MT),15701,3,104
KERREY (D NE),15702,3,104
KOHL (D WI),15703,3,104
LIEBERMAN (D CT),15704,3,104
ROBB (D VA),15705,3,104
SANTORUM (R PA),29141,0,104
GRAMS (R MN),29367,0,104
WELLSTONE (D MN),49101,2,104
FEINSTEIN (D CA),49300,2,104
COVERDELL (R GA),49301,1,104
KEMPTHORNE (R ID),49302,1,104
MOSELEY-BRA (D IL),49303,1,104
FAIRCLOTH (R NC),49304,1,104
HUTCHISON (R TX),49306,1,104
BENNETT (R UT),49307,1,104
MURRAY (D WA),49308,1,104
FEINGOLD (D WI),49309,1,104
ABRAHAM (R MI),49500,0,104
ASHCROFT (R MO),49501,0,104
FRIST (R TN),49502,0,104
THOMPSON (R TN),49503,1,104
FRAHM (R KS),49504,0,104
SHELBY (R AL),94659,4,104
CAMPBELL (R CO),95407,1,104
THURMOND (R SC),9369,20,103
BYRD (D WV),1366,17,103
PELL (D RI),10818,16,103
KENNEDY (D MA),10808,16,103
INOUYE (D HI),4812,15,103
HOLLINGS (D SC),11204,14,103
HATFIELD (R OR),11203,13,103
STEVENS (R AK),12109,13,103
DOLE (R KS),10513,12,103
PACKWOOD (R OR),12107,12,103
ROTH (R DE),11044,11,103
JOHNSTON (D LA),14107,11,103
BIDEN (D DE),14101,10,103
DOMENICI (R NM),14103,10,103
HELMS (R NC),14105,10,103
NUNN (D GA),14108,10,103
METZENBAUM (D OH),14073,9,103
FORD (D KY),14302,10,103
GLENN (D OH),14304,10,103
BUMPERS (D AR),14300,9,103
LEAHY (D VT),14307,9,103
CHAFEE (R RI),14500,9,103
RIEGLE (D MI),11043,8,103
SARBANES (D MD),13039,8,103
DANFORTH (R MO),14501,8,103
DECONCINI (D AZ),14502,8,103
HATCH (R UT),14503,8,103
LUGAR (R IN),14506,8,103
MOYNIHAN (D NY),14508,8,103
SASSER (D TN),14509,8,103
WALLOP (R WY),14511,8,103
COCHRAN (R MS),14009,8,103
BAUCUS (D MT),14203,8,103
DURENBERGER (R MN),14703,8,103
PRYOR (D AR),10791,7,103
COHEN (R ME),14010,7,103
PRESSLER (R SD),14268,7,103
BOREN (D OK),14700,7,103
BRADLEY (D NJ),14702,7,103
EXON (D NE),14704,7,103
HEFLIN (D AL),14705,7,103
KASSEBAUM (R KS),14708,7,103
LEVIN (D MI),14709,7,103
SIMPSON (R WY),14710,7,103
WARNER (R VA),14712,7,103
MITCHELL (D ME),14713,7,103
DODD (D CT),14213,6,103
GRASSLEY (R IA),14226,6,103
D'AMATO (R NY),14900,6,103
GORTON (R WA),14904,2,103
MURKOWSKI (R AK),14907,6,103
NICKLES (R OK),14908,6,103
SPECTER (R PA),14910,6,103
LAUTENBERG (D NJ),14914,6,103
BINGAMAN (D NM),14912,5,103
HARKIN (D IA),14230,4,103
SIMON (D IL),14275,4,103
GRAMM (R TX),14628,4,103
KERRY (D MA),14920,4,103
MCCONNELL (R KY),14921,4,103
ROCKEFELLER (D WV),14922,4,103
BREAUX (D LA),13056,3,103
MIKULSKI (D MD),14440,3,103
DASCHLE (D SD),14617,3,103
SHELBY (D AL),14659,3,103
MCCAIN (R AZ),15039,3,103
REID (D NV),15054,3,103
BOND (R MO),15501,3,103
CONRAD (D ND),15502,3,103
GRAHAM (D FL),15503,3,103
LOTT (R MS),14031,2,103
JEFFORDS (R VT),14240,2,103
COATS (R IN),14806,2,103
MACK (R FL),15037,2,103
BRYAN (D NV),15700,2,103
BURNS (R MT),15701,2,103
KERREY (D NE),15702,2,103
KOHL (D WI),15703,2,103
LIEBERMAN (D CT),15704,2,103
ROBB (D VA),15705,2,103
AKAKA (D HI),14400,2,103
BROWN (R CO),14803,1,103
CRAIG (R ID),14809,1,103
SMITH (R NH),15116,2,103
WELLSTONE (D MN),49101,1,103
WOFFORD (D PA),49104,1,103
DORGAN (D ND),14812,1,103
FEINSTEIN (D CA),49300,1,103
KRUEGER (D TX),14247,0,103
GREGG (R NH),14826,0,103
BOXER (D CA),15011,0,103
CAMPBELL (D CO),15407,0,103
COVERDELL (R GA),49301,0,103
KEMPTHORNE (R ID),49302,0,103
MOSELEY-BRA (D IL),49303,0,103
FAIRCLOTH (R NC),49304,0,103
MATHEWS (D TN),49305,0,103
HUTCHISON (R TX),49306,0,103
BENNETT (R UT),49307,0,103
MURRAY (D WA),49308,0,103
FEINGOLD (D WI),49309,0,103
INHOFE (R OK),15424,0,103
HEFLIN (D AL),14705,6,102
SHELBY (D AL),14659,2,102
MURKOWSKI (R AK),14907,5,102
STEVENS (R AK),12109,12,102
DECONCINI (D AZ),14502,7,102
MCCAIN (R AZ),15039,2,102
BUMPERS (D AR),14300,8,102
PRYOR (D AR),10791,6,102
CRANSTON (D CA),12103,11,102
SEYMOUR (R CA),49100,0,102
BROWN (R CO),14803,0,102
WIRTH (D CO),14282,2,102
DODD (D CT),14213,5,102
LIEBERMAN (D CT),15704,1,102
BIDEN (D DE),14101,9,102
ROTH (R DE),11044,10,102
GRAHAM (D FL),15503,2,102
MACK (R FL),15037,1,102
FOWLER (D GA),14467,2,102
NUNN (D GA),14108,10,102
AKAKA (D HI),14400,1,102
INOUYE (D HI),4812,14,102
CRAIG (R ID),14809,0,102
SYMMS (R ID),14056,5,102
DIXON (D IL),14902,5,102
SIMON (D IL),14275,3,102
COATS (R IN),14806,1,102
LUGAR (R IN),14506,7,102
GRASSLEY (R IA),14226,5,102
HARKIN (D IA),14230,3,102
DOLE (R KS),10513,11,102
KASSEBAUM (R KS),14708,7,102
FORD (D KY),14302,9,102
MCCONNELL (R KY),14921,3,102
BREAUX (D LA),13056,2,102
JOHNSTON (D LA),14107,10,102
COHEN (R ME),14010,6,102
MITCHELL (D ME),14713,6,102
MIKULSKI (D MD),14440,2,102
SARBANES (D MD),13039,7,102
KENNEDY (D MA),10808,15,102
KERRY (D MA),14920,3,102
LEVIN (D MI),14709,6,102
RIEGLE (D MI),11043,8,102
DURENBERGER (R MN),14703,7,102
WELLSTONE (D MN),49101,0,102
COCHRAN (R MS),14009,7,102
LOTT (R MS),14031,1,102
BOND (R MO),15501,2,102
DANFORTH (R MO),14501,8,102
BAUCUS (D MT),14203,7,102
BURNS (R MT),15701,1,102
EXON (D NE),14704,6,102
KERREY (D NE),15702,1,102
BRYAN (D NV),15700,1,102
REID (D NV),15054,2,102
RUDMAN (R NH),14909,6,102
SMITH (R NH),15116,1,102
BRADLEY (D NJ),14702,6,102
LAUTENBERG (D NJ),14914,5,102
BINGAMAN (D NM),14912,4,102
DOMENICI (R NM),14103,9,102
D'AMATO (R NY),14900,5,102
MOYNIHAN (D NY),14508,7,102
HELMS (R NC),14105,9,102
SANFORD (D NC),15504,3,102
BURDICK (D ND),1252,16,102
CONRAD (D ND),15502,2,102
BURDICK2 (D ND),49103,0,102
GLENN (D OH),14304,9,102
METZENBAUM (D OH),14073,8,102
BOREN (D OK),14700,6,102
NICKLES (R OK),14908,5,102
HATFIELD (R OR),11203,12,102
PACKWOOD (R OR),12107,11,102
HEINZ (R PA),13050,7,102
WOFFORD (D PA),49104,0,102
SPECTER (R PA),14910,5,102
CHAFEE (R RI),14500,8,102
PELL (D RI),10818,15,102
HOLLINGS (D SC),11204,13,102
THURMOND (R SC),9369,19,102
DASCHLE (D SD),14617,2,102
PRESSLER (R SD),14268,6,102
GORE (D TN),14423,3,102
SASSER (D TN),14509,7,102
BENTSEN (D TX),660,10,102
GRAMM (R TX),14628,3,102
GARN (R UT),14303,9,102
HATCH (R UT),14503,7,102
JEFFORDS (R VT),14240,1,102
LEAHY (D VT),14307,8,102
ROBB (D VA),15705,1,102
WARNER (R VA),14712,6,102
ADAMS (D WA),10700,2,102
GORTON (R WA),14904,1,102
BYRD (D WV),1366,16,102
ROCKEFELLER (D WV),14922,3,102
KASTEN (R WI),14242,5,102
KOHL (D WI),15703,1,102
SIMPSON (R WY),14710,6,102
WALLOP (R WY),14511,7,102
THURMOND (R SC),9369,18,101
BYRD (D WV),1366,15,101
BURDICK (D ND),1252,14,101
PELL (D RI),10818,14,101
KENNEDY (D MA),10808,14,101
INOUYE (D HI),4812,13,101
HOLLINGS (D SC),11204,12,101
HATFIELD (R OR),11203,11,101
STEVENS (R AK),12109,11,101
DOLE (R KS),10513,10,101
CRANSTON (D CA),12103,10,101
PACKWOOD (R OR),12107,10,101
BENTSEN (D TX),660,9,101
ROTH (R DE),11044,9,101
JOHNSTON (D LA),14107,9,101
MCCLURE (R ID),11029,8,101
BIDEN (D DE),14101,8,101
DOMENICI (R NM),14103,8,101
HELMS (R NC),14105,8,101
NUNN (D GA),14108,8,101
METZENBAUM (D OH),14073,7,101
FORD (D KY),14302,8,101
GARN (R UT),14303,8,101
GLENN (D OH),14304,8,101
BUMPERS (D AR),14300,7,101
LEAHY (D VT),14307,7,101
CHAFEE (R RI),14500,7,101
MATSUNAGA (D HI),10605,6,101
RIEGLE (D MI),11043,6,101
SARBANES (D MD),13039,6,101
HEINZ (R PA),13050,6,101
DANFORTH (R MO),14501,6,101
DECONCINI (D AZ),14502,6,101
HATCH (R UT),14503,6,101
LUGAR (R IN),14506,6,101
MOYNIHAN (D NY),14508,6,101
SASSER (D TN),14509,6,101
WALLOP (R WY),14511,6,101
COCHRAN (R MS),14009,6,101
BAUCUS (D MT),14203,6,101
DURENBERGER (R MN),14703,6,101
PRYOR (D AR),10791,5,101
ARMSTRONG (R CO),14002,5,101
COHEN (R ME),14010,5,101
PRESSLER (R SD),14268,5,101
BOREN (D OK),14700,5,101
BOSCHWITZ (R MN),14701,6,101
BRADLEY (D NJ),14702,5,101
EXON (D NE),14704,5,101
HEFLIN (D AL),14705,5,101
HUMPHREY (R NH),14706,5,101
KASSEBAUM (R KS),14708,6,101
LEVIN (D MI),14709,5,101
SIMPSON (R WY),14710,5,101
WARNER (R VA),14712,5,101
MITCHELL (D ME),14713,5,101
SYMMS (R ID),14056,4,101
DODD (D CT),14213,4,101
GRASSLEY (R IA),14226,4,101
KASTEN (R WI),14242,4,101
D'AMATO (R NY),14900,4,101
DIXON (D IL),14902,4,101
GORTON (R WA),14904,0,101
MURKOWSKI (R AK),14907,4,101
NICKLES (R OK),14908,4,101
RUDMAN (R NH),14909,5,101
SPECTER (R PA),14910,4,101
LAUTENBERG (D NJ),14914,4,101
BINGAMAN (D NM),14912,3,101
WILSON (R CA),14915,3,101
HARKIN (D IA),14230,2,101
SIMON (D IL),14275,2,101
GORE (D TN),14423,2,101
GRAMM (R TX),14628,2,101
KERRY (D MA),14920,2,101
MCCONNELL (R KY),14921,2,101
ROCKEFELLER (D WV),14922,2,101
SANFORD (D NC),15504,2,101
ADAMS (D WA),10700,1,101
BREAUX (D LA),13056,1,101
WIRTH (D CO),14282,1,101
MIKULSKI (D MD),14440,1,101
FOWLER (D GA),14467,1,101
DASCHLE (D SD),14617,1,101
SHELBY (D AL),14659,1,101
MCCAIN (R AZ),15039,1,101
REID (D NV),15054,1,101
BOND (R MO),15501,1,101
CONRAD (D ND),15502,1,101
GRAHAM (D FL),15503,1,101
LOTT (R MS),14031,0,101
JEFFORDS (R VT),14240,0,101
COATS (R IN),14806,0,101
MACK (R FL),15037,0,101
BRYAN (D NV),15700,0,101
BURNS (R MT),15701,0,101
KERREY (D NE),15702,0,101
KOHL (D WI),15703,0,101
LIEBERMAN (D CT),15704,0,101
ROBB (D VA),15705,0,101
AKAKA (D HI),14400,0,101
STENNIS (D MS),8883,20,100
THURMOND (R SC),9369,17,100
PROXMIRE (D WI),7638,15,100
BYRD (D WV),1366,14,100
BURDICK (D ND),1252,13,100
PELL (D RI),10818,13,100
KENNEDY (D MA),10808,13,100
INOUYE (D HI),4812,12,100
HOLLINGS (D SC),11204,11,100
HATFIELD (R OR),11203,10,100
STEVENS (R AK),12109,10,100
DOLE (R KS),10513,9,100
CRANSTON (D CA),12103,9,100
PACKWOOD (R OR),12107,9,100
BENTSEN (D TX),660,8,100
STAFFORD (R VT),10562,8,100
ROTH (R DE),11044,8,100
WEICKER (R CT),12032,8,100
CHILES (D FL),13101,8,100
JOHNSTON (D LA),14107,8,100
MCCLURE (R ID),11029,7,100
BIDEN (D DE),14101,7,100
DOMENICI (R NM),14103,7,100
HELMS (R NC),14105,7,100
NUNN (D GA),14108,7,100
METZENBAUM (D OH),14073,6,100
FORD (D KY),14302,7,100
GARN (R UT),14303,7,100
GLENN (D OH),14304,7,100
BUMPERS (D AR),14300,6,100
LEAHY (D VT),14307,6,100
CHAFEE (R RI),14500,6,100
ZORINSKY (D NE),14512,6,100
MATSUNAGA (D HI),10605,5,100
RIEGLE (D MI),11043,5,100
MELCHER (D MT),12039,5,100
SARBANES (D MD),13039,5,100
HEINZ (R PA),13050,5,100
DANFORTH (R MO),14501,6,100
DECONCINI (D AZ),14502,5,100
HATCH (R UT),14503,5,100
LUGAR (R IN),14506,5,100
MOYNIHAN (D NY),14508,5,100
SASSER (D TN),14509,5,100
WALLOP (R WY),14511,5,100
COCHRAN (R MS),14009,5,100
BAUCUS (D MT),14203,5,100
DURENBERGER (R MN),14703,5,100
PRYOR (D AR),10791,4,100
ARMSTRONG (R CO),14002,4,100
COHEN (R ME),14010,4,100
PRESSLER (R SD),14268,4,100
BOREN (D OK),14700,4,100
BOSCHWITZ (R MN),14701,5,100
BRADLEY (D NJ),14702,4,100
EXON (D NE),14704,4,100
HEFLIN (D AL),14705,4,100
HUMPHREY (R NH),14706,4,100
KASSEBAUM (R KS),14708,5,100
LEVIN (D MI),14709,4,100
SIMPSON (R WY),14710,4,100
WARNER (R VA),14712,4,100
MITCHELL (D ME),14713,4,100
SYMMS (R ID),14056,3,100
DODD (D CT),14213,3,100
GRASSLEY (R IA),14226,3,100
KASTEN (R WI),14242,3,100
QUAYLE (R IN),14447,3,100
D'AMATO (R NY),14900,3,100
DIXON (D IL),14902,3,100
MURKOWSKI (R AK),14907,3,100
NICKLES (R OK),14908,3,100
RUDMAN (R NH),14909,3,100
SPECTER (R PA),14910,3,100
LAUTENBERG (D NJ),14914,3,100
TRIBLE (R VA),14456,2,100
BINGAMAN (D NM),14912,2,100
HECHT (R NV),14913,2,100
WILSON (R CA),14915,2,100
EVANS (R WA),14916,2,100
HARKIN (D IA),14230,1,100
SIMON (D IL),14275,1,100
GORE (D TN),14423,1,100
GRAMM (R TX),14628,1,100
KERRY (D MA),14920,1,100
MCCONNELL (R KY),14921,1,100
ROCKEFELLER (D WV),14922,1,100
SANFORD (D NC),15504,1,100
ADAMS (D WA),10700,0,100
BREAUX (D LA),13056,0,100
WIRTH (D CO),14282,0,100
MIKULSKI (D MD),14440,0,100
FOWLER (D GA),14467,0,100
DASCHLE (D SD),14617,0,100
SHELBY (D AL),14659,0,100
MCCAIN (R AZ),15039,0,100
REID (D NV),15054,0,100
BOND (R MO),15501,0,100
CONRAD (D ND),15502,0,100
GRAHAM (D FL),15503,0,100
KARNES (R NE),15505,0,100
STENNIS (D MS),8883,19,99
GOLDWATER (R AZ),3658,8,99
THURMOND (R SC),9369,16,99
PROXMIRE (D WI),7638,14,99
BYRD (D WV),1366,13,99
BURDICK (D ND),1252,12,99
PELL (D RI),10818,12,99
KENNEDY (D MA),10808,12,99
INOUYE (D HI),4812,11,99
LONG (D LA),5767,19,99
HOLLINGS (D SC),11204,10,99
HATFIELD (R OR),11203,9,99
STEVENS (R AK),12109,9,99
DOLE (R KS),10513,8,99
MATHIAS (R MD),10535,8,99
CRANSTON (D CA),12103,8,99
EAGLETON (D MO),12104,8,99
PACKWOOD (R OR),12107,8,99
BENTSEN (D TX),660,7,99
STAFFORD (R VT),10562,7,99
ROTH (R DE),11044,7,99
WEICKER (R CT),12032,7,99
CHILES (D FL),13101,7,99
JOHNSTON (D LA),14107,7,99
MCCLURE (R ID),11029,6,99
BIDEN (D DE),14101,6,99
DOMENICI (R NM),14103,6,99
HELMS (R NC),14105,6,99
NUNN (D GA),14108,7,99
METZENBAUM (D OH),14073,5,99
FORD (D KY),14302,6,99
GARN (R UT),14303,6,99
GLENN (D OH),14304,6,99
LAXALT (R NV),14077,5,99
BUMPERS (D AR),14300,5,99
HART (D CO),14305,5,99
LEAHY (D VT),14307,5,99
CHAFEE (R RI),14500,5,99
ZORINSKY (D NE),14512,5,99
MATSUNAGA (D HI),10605,4,99
RIEGLE (D MI),11043,4,99
MELCHER (D MT),12039,4,99
SARBANES (D MD),13039,4,99
HEINZ (R PA),13050,4,99
DANFORTH (R MO),14501,4,99
DECONCINI (D AZ),14502,4,99
HATCH (R UT),14503,4,99
LUGAR (R IN),14506,4,99
MOYNIHAN (D NY),14508,4,99
SASSER (D TN),14509,4,99
WALLOP (R WY),14511,4,99
COCHRAN (R MS),14009,4,99
BAUCUS (D MT),14203,4,99
DURENBERGER (R MN),14703,4,99
PRYOR (D AR),10791,3,99
ARMSTRONG (R CO),14002,3,99
COHEN (R ME),14010,3,99
PRESSLER (R SD),14268,3,99
BOREN (D OK),14700,3,99
BOSCHWITZ (R MN),14701,4,99
BRADLEY (D NJ),14702,3,99
EXON (D NE),14704,3,99
HEFLIN (D AL),14705,3,99
HUMPHREY (R NH),14706,3,99
KASSEBAUM (R KS),14708,4,99
LEVIN (D MI),14709,3,99
SIMPSON (R WY),14710,3,99
WARNER (R VA),14712,3,99
MITCHELL (D ME),14713,3,99
ANDREWS (R ND),10569,2,99
ABDNOR (R SD),14000,2,99
SYMMS (R ID),14056,2,99
DODD (D CT),14213,2,99
GRASSLEY (R IA),14226,2,99
KASTEN (R WI),14242,2,99
QUAYLE (R IN),14447,2,99
D'AMATO (R NY),14900,2,99
DENTON (R AL),14901,2,99
DIXON (D IL),14902,2,99
EAST (R NC),14903,2,99
GORTON (R WA),14904,2,99
HAWKINS (R FL),14905,2,99
MATTINGLY (R GA),14906,2,99
MURKOWSKI (R AK),14907,2,99
NICKLES (R OK),14908,2,99
RUDMAN (R NH),14909,3,99
SPECTER (R PA),14910,2,99
LAUTENBERG (D NJ),14914,2,99
TRIBLE (R VA),14456,1,99
BINGAMAN (D NM),14912,1,99
HECHT (R NV),14913,1,99
WILSON (R CA),14915,1,99
EVANS (R WA),14916,1,99
HARKIN (D IA),14230,0,99
SIMON (D IL),14275,0,99
GORE (D TN),14423,0,99
GRAMM (R TX),14628,0,99
KERRY (D MA),14920,0,99
MCCONNELL (R KY),14921,0,99
ROCKEFELLER (D WV),14922,0,99
BROYHILL (R NC),10574,0,99
STENNIS (D MS),8883,18,98
GOLDWATER (R AZ),3658,7,98
JACKSON (D WA),4851,15,98
THURMOND (R SC),9369,15,98
PROXMIRE (D WI),7638,13,98
RANDOLPH (D WV),7722,13,98
BYRD (D WV),1366,12,98
BURDICK (D ND),1252,11,98
PELL (D RI),10818,11,98
TOWER (R TX),10823,11,98
KENNEDY (D MA),10808,11,98
INOUYE (D HI),4812,10,98
LONG (D LA),5767,18,98
HOLLINGS (D SC),11204,9,98
BAKER (R TN),11200,8,98
HATFIELD (R OR),11203,8,98
PERCY (R IL),11205,8,98
STEVENS (R AK),12109,8,98
DOLE (R KS),10513,7,98
MATHIAS (R MD),10535,7,98
CRANSTON (D CA),12103,7,98
EAGLETON (D MO),12104,7,98
PACKWOOD (R OR),12107,7,98
BENTSEN (D TX),660,6,98
STAFFORD (R VT),10562,6,98
ROTH (R DE),11044,6,98
WEICKER (R CT),12032,6,98
CHILES (D FL),13101,6,98
JOHNSTON (D LA),14107,6,98
MCCLURE (R ID),11029,5,98
BIDEN (D DE),14101,5,98
DOMENICI (R NM),14103,5,98
HELMS (R NC),14105,5,98
HUDDLESTON (D KY),14106,5,98
NUNN (D GA),14108,6,98
METZENBAUM (D OH),14073,4,98
FORD (D KY),14302,5,98
GARN (R UT),14303,5,98
GLENN (D OH),14304,5,98
LAXALT (R NV),14077,4,98
BUMPERS (D AR),14300,4,98
HART (D CO),14305,4,98
LEAHY (D VT),14307,4,98
CHAFEE (R RI),14500,4,98
ZORINSKY (D NE),14512,4,98
MATSUNAGA (D HI),10605,3,98
RIEGLE (D MI),11043,3,98
MELCHER (D MT),12039,3,98
SARBANES (D MD),13039,3,98
HEINZ (R PA),13050,3,98
DANFORTH (R MO),14501,4,98
DECONCINI (D AZ),14502,3,98
HATCH (R UT),14503,3,98
LUGAR (R IN),14506,3,98
MOYNIHAN (D NY),14508,3,98
SASSER (D TN),14509,3,98
WALLOP (R WY),14511,3,98
COCHRAN (R MS),14009,3,98
BAUCUS (D MT),14203,3,98
DURENBERGER (R MN),14703,3,98
PRYOR (D AR),10791,2,98
ARMSTRONG (R CO),14002,2,98
COHEN (R ME),14010,2,98
PRESSLER (R SD),14268,2,98
TSONGAS (D MA),14279,2,98
BOREN (D OK),14700,2,98
BOSCHWITZ (R MN),14701,3,98
BRADLEY (D NJ),14702,2,98
EXON (D NE),14704,2,98
HEFLIN (D AL),14705,2,98
HUMPHREY (R NH),14706,2,98
JEPSEN (R IA),14707,2,98
KASSEBAUM (R KS),14708,3,98
LEVIN (D MI),14709,2,98
SIMPSON (R WY),14710,2,98
WARNER (R VA),14712,2,98
MITCHELL (D ME),14713,2,98
ANDREWS (R ND),10569,1,98
ABDNOR (R SD),14000,1,98
SYMMS (R ID),14056,1,98
DODD (D CT),14213,1,98
GRASSLEY (R IA),14226,1,98
KASTEN (R WI),14242,1,98
QUAYLE (R IN),14447,1,98
D'AMATO (R NY),14900,1,98
DENTON (R AL),14901,1,98
DIXON (D IL),14902,1,98
EAST (R NC),14903,1,98
GORTON (R WA),14904,1,98
HAWKINS (R FL),14905,1,98
MATTINGLY (R GA),14906,1,98
MURKOWSKI (R AK),14907,1,98
NICKLES (R OK),14908,1,98
RUDMAN (R NH),14909,2,98
SPECTER (R PA),14910,1,98
LAUTENBERG (D NJ),14914,1,98
TRIBLE (R VA),14456,0,98
BINGAMAN (D NM),14912,0,98
HECHT (R NV),14913,0,98
WILSON (R CA),14915,0,98
EVANS (R WA),14916,0,98
STENNIS (D MS),8883,17,97
GOLDWATER (R AZ),3658,6,97
JACKSON (D WA),4851,14,97
THURMOND (R SC),9369,14,97
PROXMIRE (D WI),7638,12,97
RANDOLPH (D WV),7722,12,97
BYRD (D WV),1366,11,97
CANNON (D NV),1482,11,97
WILLIAMS (D NJ),10147,11,97
BURDICK (D ND),1252,10,97
PELL (D RI),10818,10,97
TOWER (R TX),10823,10,97
KENNEDY (D MA),10808,10,97
INOUYE (D HI),4812,9,97
BYRD (Indep VA),10802,8,97
LONG (D LA),5767,17,97
HOLLINGS (D SC),11204,8,97
BAKER (R TN),11200,7,97
HATFIELD (R OR),11203,7,97
PERCY (R IL),11205,7,97
STEVENS (R AK),12109,7,97
DOLE (R KS),10513,6,97
MATHIAS (R MD),10535,6,97
CRANSTON (D CA),12103,6,97
EAGLETON (D MO),12104,6,97
PACKWOOD (R OR),12107,6,97
BENTSEN (D TX),660,5,97
STAFFORD (R VT),10562,5,97
ROTH (R DE),11044,5,97
WEICKER (R CT),12032,5,97
CHILES (D FL),13101,5,97
JOHNSTON (D LA),14107,5,97
MCCLURE (R ID),11029,4,97
BIDEN (D DE),14101,4,97
DOMENICI (R NM),14103,4,97
HELMS (R NC),14105,4,97
HUDDLESTON (D KY),14106,4,97
NUNN (D GA),14108,4,97
METZENBAUM (D OH),14073,3,97
FORD (D KY),14302,4,97
GARN (R UT),14303,4,97
GLENN (D OH),14304,4,97
LAXALT (R NV),14077,3,97
BUMPERS (D AR),14300,3,97
HART (D CO),14305,3,97
LEAHY (D VT),14307,3,97
CHAFEE (R RI),14500,3,97
ZORINSKY (D NE),14512,3,97
MATSUNAGA (D HI),10605,2,97
RIEGLE (D MI),11043,2,97
MELCHER (D MT),12039,2,97
SARBANES (D MD),13039,2,97
HEINZ (R PA),13050,2,97
DANFORTH (R MO),14501,2,97
DECONCINI (D AZ),14502,2,97
HATCH (R UT),14503,2,97
HAYAKAWA (R CA),14504,2,97
LUGAR (R IN),14506,2,97
MOYNIHAN (D NY),14508,2,97
SASSER (D TN),14509,2,97
SCHMITT (R NM),14510,2,97
WALLOP (R WY),14511,2,97
COCHRAN (R MS),14009,2,97
BAUCUS (D MT),14203,2,97
DURENBERGER (R MN),14703,2,97
PRYOR (D AR),10791,1,97
ARMSTRONG (R CO),14002,1,97
COHEN (R ME),14010,1,97
PRESSLER (R SD),14268,1,97
TSONGAS (D MA),14279,1,97
BOREN (D OK),14700,1,97
BOSCHWITZ (R MN),14701,2,97
BRADLEY (D NJ),14702,1,97
EXON (D NE),14704,1,97
HEFLIN (D AL),14705,1,97
HUMPHREY (R NH),14706,1,97
JEPSEN (R IA),14707,1,97
KASSEBAUM (R KS),14708,1,97
LEVIN (D MI),14709,1,97
SIMPSON (R WY),14710,1,97
WARNER (R VA),14712,1,97
MITCHELL (D ME),14713,1,97
ANDREWS (R ND),10569,0,97
ABDNOR (R SD),14000,0,97
SYMMS (R ID),14056,0,97
DODD (D CT),14213,0,97
GRASSLEY (R IA),14226,0,97
KASTEN (R WI),14242,0,97
QUAYLE (R IN),14447,0,97
D'AMATO (R NY),14900,0,97
DENTON (R AL),14901,0,97
DIXON (D IL),14902,0,97
EAST (R NC),14903,0,97
GORTON (R WA),14904,0,97
HAWKINS (R FL),14905,0,97
MATTINGLY (R GA),14906,0,97
MURKOWSKI (R AK),14907,0,97
NICKLES (R OK),14908,0,97
RUDMAN (R NH),14909,1,97
SPECTER (R PA),14910,0,97
BRADY (R NJ),14911,0,97
MAGNUSON (D WA),5913,18,96
YOUNG (R ND),10450,17,96
STENNIS (D MS),8883,16,96
GOLDWATER (R AZ),3658,5,96
JACKSON (D WA),4851,13,96
THURMOND (R SC),9369,13,96
CHURCH (D ID),1721,11,96
JAVITS (R NY),4898,11,96
PROXMIRE (D WI),7638,11,96
TALMADGE (D GA),9174,11,96
RANDOLPH (D WV),7722,11,96
BYRD (D WV),1366,10,96
CANNON (D NV),1482,10,96
MUSKIE (D ME),6831,10,96
WILLIAMS (D NJ),10147,10,96
BURDICK (D ND),1252,10,96
PELL (D RI),10818,9,96
TOWER (R TX),10823,9,96
KENNEDY (D MA),10808,9,96
INOUYE (D HI),4812,8,96
MCGOVERN (D SD),6256,8,96
RIBICOFF (D CT),7847,8,96
BAYH (D IN),10800,8,96
NELSON (D WI),10816,8,96
BYRD (Indep VA),10802,7,96
LONG (D LA),5767,16,96
HOLLINGS (D SC),11204,7,96
BAKER (R TN),11200,6,96
HATFIELD (R OR),11203,6,96
PERCY (R IL),11205,6,96
STEVENS (R AK),12109,6,96
DOLE (R KS),10513,5,96
MATHIAS (R MD),10535,5,96
SCHWEIKER (R PA),10557,5,96
BELLMON (R OK),12101,5,96
CRANSTON (D CA),12103,5,96
EAGLETON (D MO),12104,5,96
GRAVEL (D AK),12105,5,96
PACKWOOD (R OR),12107,5,96
STEVENSON (D IL),13102,5,96
BENTSEN (D TX),660,4,96
STAFFORD (R VT),10562,4,96
ROTH (R DE),11044,4,96
WEICKER (R CT),12032,4,96
CHILES (D FL),13101,4,96
JOHNSTON (D LA),14107,4,96
MCCLURE (R ID),11029,3,96
BIDEN (D DE),14101,3,96
DOMENICI (R NM),14103,3,96
HELMS (R NC),14105,3,96
HUDDLESTON (D KY),14106,3,96
NUNN (D GA),14108,3,96
METZENBAUM (D OH),14073,2,96
FORD (D KY),14302,3,96
GARN (R UT),14303,3,96
GLENN (D OH),14304,3,96
CULVER (D IA),10715,2,96
LAXALT (R NV),14077,3,96
BUMPERS (D AR),14300,2,96
HART (D CO),14305,2,96
LEAHY (D VT),14307,2,96
MORGAN (D NC),14308,2,96
STONE (D FL),14309,2,96
DURKIN (D NH),14310,2,96
CHAFEE (R RI),14500,2,96
ZORINSKY (D NE),14512,2,96
MATSUNAGA (D HI),10605,1,96
RIEGLE (D MI),11043,1,96
MELCHER (D MT),12039,1,96
SARBANES (D MD),13039,1,96
HEINZ (R PA),13050,1,96
DANFORTH (R MO),14501,2,96
DECONCINI (D AZ),14502,1,96
HATCH (R UT),14503,1,96
HAYAKAWA (R CA),14504,1,96
LUGAR (R IN),14506,1,96
MOYNIHAN (D NY),14508,1,96
SASSER (D TN),14509,1,96
SCHMITT (R NM),14510,1,96
WALLOP (R WY),14511,1,96
COCHRAN (R MS),14009,1,96
BAUCUS (D MT),14203,1,96
DURENBERGER (R MN),14703,1,96
STEWART (D AL),14711,1,96
PRYOR (D AR),10791,0,96
ARMSTRONG (R CO),14002,0,96
COHEN (R ME),14010,0,96
PRESSLER (R SD),14268,0,96
TSONGAS (D MA),14279,0,96
BOREN (D OK),14700,0,96
BOSCHWITZ (R MN),14701,0,96
BRADLEY (D NJ),14702,0,96
EXON (D NE),14704,0,96
HEFLIN (D AL),14705,0,96
HUMPHREY (R NH),14706,0,96
JEPSEN (R IA),14707,0,96
KASSEBAUM (R KS),14708,0,96
LEVIN (D MI),14709,0,96
SIMPSON (R WY),14710,0,96
WARNER (R VA),14712,0,96
MITCHELL (D ME),14713,0,96
EASTLAND (D MS),2822,17,95
MCCLELLAN (D AR),6151,17,95
MAGNUSON (D WA),5913,17,95
YOUNG (R ND),10450,16,95
SPARKMAN (D AL),8764,16,95
STENNIS (D MS),8883,15,95
HUMPHREY (D MN),4728,3,95
GOLDWATER (R AZ),3658,4,95
JACKSON (D WA),4851,12,95
THURMOND (R SC),9369,12,95
CASE (R NJ),1569,11,95
CURTIS (R NE),2267,11,95
CHURCH (D ID),1721,10,95
JAVITS (R NY),4898,10,95
PROXMIRE (D WI),7638,10,95
TALMADGE (D GA),9174,10,95
RANDOLPH (D WV),7722,10,95
BYRD (D WV),1366,9,95
CANNON (D NV),1482,9,95
MUSKIE (D ME),6831,9,95
WILLIAMS (D NJ),10147,9,95
BARTLETT (R OK),14100,2,95
BURDICK (D ND),1252,9,95
METCALF (D MT),6442,8,95
PELL (D RI),10818,8,95
TOWER (R TX),10823,8,95
KENNEDY (D MA),10808,8,95
MCINTYRE (D NH),10810,8,95
PEARSON (R KS),10817,8,95
INOUYE (D HI),4812,7,95
MCGOVERN (D SD),6256,7,95
RIBICOFF (D CT),7847,7,95
BAYH (D IN),10800,7,95
NELSON (D WI),10816,7,95
BYRD (Indep VA),10802,6,95
GRIFFIN (R MI),3824,6,95
LONG (D LA),5767,15,95
HOLLINGS (D SC),11204,6,95
BAKER (R TN),11200,5,95
BROOKE (R MA),11201,5,95
HANSEN (R WY),11202,5,95
HATFIELD (R OR),11203,5,95
PERCY (R IL),11205,5,95
STEVENS (R AK),12109,5,95
DOLE (R KS),10513,4,95
MATHIAS (R MD),10535,4,95
SCHWEIKER (R PA),10557,4,95
ALLEN (D AL),12100,4,95
BELLMON (R OK),12101,4,95
CRANSTON (D CA),12103,4,95
EAGLETON (D MO),12104,4,95
GRAVEL (D AK),12105,4,95
PACKWOOD (R OR),12107,4,95
STEVENSON (D IL),13102,4,95
BENTSEN (D TX),660,3,95
STAFFORD (R VT),10562,3,95
ROTH (R DE),11044,3,95
WEICKER (R CT),12032,3,95
CHILES (D FL),13101,3,95
JOHNSTON (D LA),14107,3,95
HATHAWAY (D ME),10736,2,95
MCCLURE (R ID),11029,2,95
SCOTT (R VA),11048,2,95
ABOUREZK (D SD),13000,2,95
BIDEN (D DE),14101,2,95
CLARK (D IA),14102,2,95
DOMENICI (R NM),14103,2,95
HASKELL (D CO),14104,2,95
HELMS (R NC),14105,2,95
HUDDLESTON (D KY),14106,2,95
NUNN (D GA),14108,3,95
METZENBAUM (D OH),14073,1,95
FORD (D KY),14302,2,95
GARN (R UT),14303,2,95
GLENN (D OH),14304,2,95
CULVER (D IA),10715,1,95
LAXALT (R NV),14077,1,95
BUMPERS (D AR),14300,1,95
HART (D CO),14305,1,95
LEAHY (D VT),14307,1,95
MORGAN (D NC),14308,1,95
STONE (D FL),14309,1,95
DURKIN (D NH),14310,1,95
CHAFEE (R RI),14500,1,95
ZORINSKY (D NE),14512,1,95
ANDERSON (D MN),14513,1,95
MATSUNAGA (D HI),10605,0,95
RIEGLE (D MI),11043,0,95
MELCHER (D MT),12039,0,95
SARBANES (D MD),13039,0,95
HEINZ (R PA),13050,0,95
DANFORTH (R MO),14501,0,95
DECONCINI (D AZ),14502,0,95
HATCH (R UT),14503,0,95
HAYAKAWA (R CA),14504,0,95
LUGAR (R IN),14506,0,95
MOYNIHAN (D NY),14508,0,95
SASSER (D TN),14509,0,95
SCHMITT (R NM),14510,0,95
WALLOP (R WY),14511,0,95
HODGES (D AR),14514,0,95
HATFIELD (D MT),14515,0,95
HUMPHREY (D MN) 14516,14516,0,95
ALLEN (D AL) 14517,14517,0,95
EASTLAND (D MS),2822,16,94
MCCLELLAN (D AR),6151,16,94
MAGNUSON (D WA),5913,16,94
YOUNG (R ND),10450,15,94
SPARKMAN (D AL),8764,15,94
STENNIS (D MS),8883,14,94
HUMPHREY (D MN),4728,2,94
PASTORE (D RI),7229,13,94
GOLDWATER (R AZ),3658,3,94
JACKSON (D WA),4851,11,94
MANSFIELD (D MT),5967,11,94
SYMINGTON (D MO),9141,11,94
COTTON (R NH),2087,0,94
HRUSKA (R NE),4660,11,94
THURMOND (R SC),9369,11,94
CASE (R NJ),1569,10,94
CURTIS (R NE),2267,10,94
CHURCH (D ID),1721,9,94
JAVITS (R NY),4898,9,94
PROXMIRE (D WI),7638,9,94
TALMADGE (D GA),9174,9,94
RANDOLPH (D WV),7722,9,94
BYRD (D WV),1366,8,94
CANNON (D NV),1482,8,94
FONG (R HI),3255,8,94
HART (D MI),4148,8,94
HARTKE (D IN),4154,8,94
MCGEE (D WY),6249,8,94
MOSS (D UT),6754,8,94
MUSKIE (D ME),6831,8,94
SCOTT (R PA),8301,8,94
WILLIAMS (D NJ),10147,8,94
BARTLETT (R OK),14100,1,94
BURDICK (D ND),1252,8,94
METCALF (D MT),6442,7,94
PELL (D RI),10818,7,94
TOWER (R TX),10823,7,94
KENNEDY (D MA),10808,7,94
MCINTYRE (D NH),10810,7,94
PEARSON (R KS),10817,7,94
INOUYE (D HI),4812,6,94
MCGOVERN (D SD),6256,6,94
RIBICOFF (D CT),7847,6,94
BAYH (D IN),10800,6,94
NELSON (D WI),10816,6,94
MONTOYA (D NM),6611,6,94
MONDALE (D MN),10813,6,94
BYRD (Indep VA),10802,5,94
FANNIN (R AZ),10804,5,94
GRIFFIN (R MI),3824,5,94
LONG (D LA),5767,14,94
HOLLINGS (D SC),11204,5,94
BAKER (R TN),11200,4,94
BROOKE (R MA),11201,4,94
HANSEN (R WY),11202,4,94
HATFIELD (R OR),11203,4,94
PERCY (R IL),11205,4,94
STEVENS (R AK),12109,4,94
DOLE (R KS),10513,3,94
MATHIAS (R MD),10535,3,94
SCHWEIKER (R PA),10557,3,94
ALLEN (D AL),12100,3,94
BELLMON (R OK),12101,3,94
CRANSTON (D CA),12103,3,94
EAGLETON (D MO),12104,3,94
GRAVEL (D AK),12105,3,94
PACKWOOD (R OR),12107,3,94
STEVENSON (D IL),13102,3,94
BENTSEN (D TX),660,2,94
STAFFORD (R VT),10562,2,94
BROCK (R TN),10571,2,94
TAFT (R OH),10630,2,94
TUNNEY (D CA),10777,2,94
ROTH (R DE),11044,2,94
BEALL (R MD),12002,2,94
WEICKER (R CT),12032,2,94
BUCKLEY (Conservative NY),13100,2,94
CHILES (D FL),13101,2,94
JOHNSTON (D LA),14107,2,94
HATHAWAY (D ME),10736,1,94
MCCLURE (R ID),11029,1,94
SCOTT (R VA),11048,1,94
ABOUREZK (D SD),13000,1,94
BIDEN (D DE),14101,1,94
CLARK (D IA),14102,1,94
DOMENICI (R NM),14103,1,94
HASKELL (D CO),14104,1,94
HELMS (R NC),14105,1,94
HUDDLESTON (D KY),14106,1,94
NUNN (D GA),14108,1,94
FORD (D KY),14302,1,94
GARN (R UT),14303,1,94
GLENN (D OH),14304,1,94
CULVER (D IA),10715,0,94
LAXALT (R NV),14077,1,94
BUMPERS (D AR),14300,0,94
HART (D CO),14305,0,94
LEAHY (D VT),14307,0,94
MORGAN (D NC),14308,0,94
STONE (D FL),14309,0,94
DURKIN (D NH),14310,0,94
METZENBAUM (D OH),14073,0,94
AIKEN (R VT),52,16,93
EASTLAND (D MS),2822,15,93
MCCLELLAN (D AR),6151,15,93
MAGNUSON (D WA),5913,15,93
FULBRIGHT (D AR),3388,14,93
YOUNG (R ND),10450,14,93
SPARKMAN (D AL),8764,14,93
STENNIS (D MS),8883,13,93
HUMPHREY (D MN),4728,1,93
PASTORE (D RI),7229,12,93
BENNETT (R UT),645,11,93
GOLDWATER (R AZ),3658,2,93
JACKSON (D WA),4851,10,93
MANSFIELD (D MT),5967,10,93
SYMINGTON (D MO),9141,10,93
BIBLE (D NV),688,10,93
COTTON (R NH),2087,10,93
ERVIN (D NC),2987,10,93
HRUSKA (R NE),4660,10,93
THURMOND (R SC),9369,10,93
CASE (R NJ),1569,9,93
CURTIS (R NE),2267,9,93
CHURCH (D ID),1721,8,93
JAVITS (R NY),4898,8,93
PROXMIRE (D WI),7638,8,93
TALMADGE (D GA),9174,8,93
RANDOLPH (D WV),7722,8,93
BYRD (D WV),1366,7,93
CANNON (D NV),1482,7,93
FONG (R HI),3255,7,93
HART (D MI),4148,7,93
HARTKE (D IN),4154,7,93
MCGEE (D WY),6249,7,93
MOSS (D UT),6754,7,93
MUSKIE (D ME),6831,7,93
SCOTT (R PA),8301,7,93
WILLIAMS (D NJ),10147,7,93
BARTLETT (R OK),14100,0,93
BURDICK (D ND),1252,6,93
METCALF (D MT),6442,6,93
PELL (D RI),10818,6,93
TOWER (R TX),10823,6,93
KENNEDY (D MA),10808,6,93
MCINTYRE (D NH),10810,6,93
PEARSON (R KS),10817,6,93
INOUYE (D HI),4812,5,93
MCGOVERN (D SD),6256,5,93
RIBICOFF (D CT),7847,5,93
DOMINICK (R CO),10514,5,93
BAYH (D IN),10800,5,93
NELSON (D WI),10816,5,93
MONTOYA (D NM),6611,5,93
MONDALE (D MN),10813,5,93
BYRD (Indep VA),10802,4,93
FANNIN (R AZ),10804,4,93
GRIFFIN (R MI),3824,4,93
LONG (D LA),5767,13,93
HOLLINGS (D SC),11204,4,93
BAKER (R TN),11200,3,93
BROOKE (R MA),11201,3,93
HANSEN (R WY),11202,3,93
HATFIELD (R OR),11203,3,93
PERCY (R IL),11205,3,93
COOK (R KY),12102,3,93
STEVENS (R AK),12109,3,93
DOLE (R KS),10513,2,93
MATHIAS (R MD),10535,2,93
SCHWEIKER (R PA),10557,2,93
GURNEY (R FL),10593,2,93
ALLEN (D AL),12100,2,93
BELLMON (R OK),12101,2,93
CRANSTON (D CA),12103,2,93
EAGLETON (D MO),12104,3,93
GRAVEL (D AK),12105,2,93
HUGHES (D IA),12106,2,93
PACKWOOD (R OR),12107,2,93
SAXBE (R OH),12108,2,93
STEVENSON (D IL),13102,2,93
BENTSEN (D TX),660,1,93
STAFFORD (R VT),10562,1,93
BROCK (R TN),10571,1,93
TAFT (R OH),10630,1,93
TUNNEY (D CA),10777,1,93
ROTH (R DE),11044,1,93
BEALL (R MD),12002,1,93
WEICKER (R CT),12032,1,93
BUCKLEY (Conservative NY),13100,1,93
CHILES (D FL),13101,1,93
JOHNSTON (D LA),14107,1,93
HATHAWAY (D ME),10736,0,93
MCCLURE (R ID),11029,0,93
SCOTT (R VA),11048,0,93
ABOUREZK (D SD),13000,0,93
BIDEN (D DE),14101,0,93
CLARK (D IA),14102,0,93
DOMENICI (R NM),14103,0,93
HASKELL (D CO),14104,0,93
HELMS (R NC),14105,0,93
HUDDLESTON (D KY),14106,0,93
NUNN (D GA),14108,1,93
METZENBAUM (D OH),14073,0,93
LAXALT (R NV),14077,0,93
