state,election_year,demVote,repVote,winner
AZ,2012,1036542,1104457,FLAKE (R AZ)
CA,2012,7864624,4713887,FEINSTEIN (D CA)
CT,2012,792983,604569,MURPHY (D CT)
DE,2012,265415,115700,CARPER (D DE)
FL,2012,4523451,3458267,NELSON (D FL)
HI,2012,269489,160994,HIRONO (D HI)
IN,2012,1281181,1133621,DONNELLY (D IL)
ME,2012,92900,215399,KING (Indep ME)
MD,2012,1474028,693291,CARDIN (D MD)
MA,2012,1696346,1458048,WARREN (D MA)
MI,2012,2735826,1767386,STABENOW (D MI)
MN,2012,1854595,867974,KLOBUCHAR (D MN)
MS,2012,503467,709626,WICKER (R MS)
MO,2012,1494125,1066159,MCCASKILL (D MO)
MT,2012,236123,218051,TESTER (D MT)
NE,2012,332979,455593,FISCHER (R NE)
NV,2012,446080,457656,HELLER (R NV)
NJ,2012,1985783,1329405,MENENDEZ (D NJ)
NM,2012,395717,351260,HEINRICH (D NM)
NY,2012,4432525,1517578,GILLIBRAND (D NY)
ND,2012,161163,158282,HEITKAMP (D ND)
OH,2012,2762766,2435744,BROWN (D OH)
PA,2012,3021364,2509132,CASEY (D PA)
RI,2012,271034,146222,WHITEHOUSE (D RI)
TN,2012,705882,1506443,CORKER (R TN)
TX,2012,3194927,4440137,CRUZ (R TX)
UT,2012,301873,657608,HATCH (R UT)
VT,2012,207848,72898,SANDERS (Indep VT)
VA,2012,2010067,1785542,KAINE (D VA)
WA,2012,1855493,1213924,CANTWELL (D WA)
WV,2012,399898,240787,MANCHIN (D WV)
WI,2012,1547104,1380126,BALDWIN (D WI)
WY,2012,53019,185250,BARRASSO (R WY)
AL,2010,515619,968181,SHELBY (R AL)
AK,2010,60045,90839,MILLER (R AK)
AZ,2010,592011,1005615,MCCAIN (R AZ)
AR,2010,288156,451618,BOOZMAN (R AR)
CA,2010,5218137,4217386,BOXER (D CA)
CO,2010,854685,824789,BENNETT (D CO)
CT,2010,635590,498341,BLUMENTHAL (D CT)
FL,2010,1092936,2645743,RUBIO (R FL)
GA,2010,996516,1489904,ISAKSON (R GA)
HI,2010,277228,79939,INOUYE (D HI)
ID,2010,112057,319953,CRAPO (R ID)
IL,2010,3360964,3456427,KIRK (R IL)
IN,2010,697775,952116,COATS (R IN)
IA,2010,371686,718215,GRASSLEY (R IA)
KS,2010,220971,587175,MORAN (R KS)
KY,2010,600052,755706,PAUL (R KY)
LA,2010,476572,715415,VITTER (R LA)
MD,2010,1140531,655666,MIKULSKI (D MD)
MO,2010,789736,1054160,BLUNT (R MO)
NV,2010,362785,321361,REID (D NV)
NH,2010,167545,273218,AYOTTE (R NH)
NY,2010,3047880,1580423,SCHUMER (D NY)
NC,2010,1145074,1458046,BURR (R NC)
ND,2010,52955,181689,HOEVEN (R ND)
OH,2010,1503297,2168742,PORTMAN (R OH)
OK,2010,265814,718482,COBURN (R OK)
OR,2010,825507,566199,WYDEN (D OR)
PA,2010,1948716,2028945,TOOMEY (R PA)
SC,2010,364598,810771,DEMINT (R SC)
SD,2010,0,227947,THUNE (R SD)
UT,2010,207685,390179,LEE (R UT)
VT,2010,151281,72699,LEAHY (D VT)
WA,2010,1314930,1196164,MURRAY (D WA)
WI,2010,1020958,1125999,JOHNSON (R WI)
AL,2008,752391,1305383,SESSIONS (R AL)
AK,2008,151767,147814,BEGICH (D AK)
AR,2008,804678,207076,PRYOR (D AR)
CO,2008,1231049,990784,UDALL (D CO)
DE,2008,257539,140595,BIDEN (D DE)
GA,2008,909923,1228033,CHAMBLISS (R GA)
ID,2008,219903,371744,RISCH (R ID)
IL,2008,3615844,1520621,DURBIN (D IL)
IA,2008,941665,560006,HARKIN (D IA)
KS,2008,441399,727121,ROBERTS (R KS)
KY,2008,847005,953816,MCCONNELL (R KY)
LA,2008,988298,867177,LANDRIEU (D LA)
ME,2008,279510,444300,COLLINS (R ME)
MA,2008,1971974,926044,KERRY (D MA)
MI,2008,3038386,1641070,LEVIN (D MI)
MN,2008,1212629,1212317,FRANKEN (D MN)
MS,2008,480915,766111,COCHRAN (R MS)
MT,2008,348289,129369,BAUCUS (D MT)
NE,2008,317456,455854,JOHANNS (R NE)
NH,2008,358438,314403,SHAHEEN (D NH)
NJ,2008,1951218,1461025,LAUTENBERG (D NJ)
NM,2008,505128,318522,UDALL (D NM)
NC,2008,2249311,1887510,HAGAN (D NC)
OK,2008,527736,763375,INHOFE (R OK)
OR,2008,864392,805159,MERKLEY (D OR)
RI,2008,320644,116174,REED (D RI)
SC,2008,790621,1076534,GRAHAM (R SC)
SD,2008,237889,142784,JOHNSON (D SD)
TN,2008,767236,1579477,ALEXANDER (R TN)
TX,2008,3389365,4337469,CORNYN (R TX)
VA,2008,2369327,1228830,WARNER (R VA)
WV,2008,447560,254629,ROCKEFELLER (D WV)
WY,2008,60631,189046,ENZI (R WY)
AZ,2006,664141,814398,KYL (R AZ)
CA,2006,5076289,2990822,FEINSTEIN (D CA)
CT,2006,450844,109198,LIEBERMAN (Indep CT)
DE,2006,170567,69734,CARPER (D DE)
FL,2006,2890548,1826127,NELSON (D FL)
HI,2006,210330,126097,AKAKA (D HI)
IN,2006,168820,1171553,LUGAR (R IN)
ME,2006,111984,402598,SNOWE (R ME)
MD,2006,965477,787182,CARDIN (D MD)
MA,2006,1500738,661532,KENNEDY (D MA)
MI,2006,2151278,1559597,STABENOW (D MI)
MN,2006,1278849,835653,KLOBUCHAR (D MN)
MS,2006,213000,388399,LOTT (R MS)
MO,2006,1055255,1006941,MCCASKILL (D MO)
MT,2006,199845,196283,TESTER (D MT)
NE,2006,378388,213928,NELSON (D NE)
NV,2006,238796,322501,ENSIGN (R NV)
NJ,2006,1200843,997775,MENENDEZ (D NJ)
NM,2006,394365,163826,BINGAMAN (D NM)
NY,2006,3008428,1392189,CLINTON (D NY)
ND,2006,150146,64417,CONRAD (D ND)
OH,2006,2257369,1761037,BROWN (D OH)
PA,2006,2392984,1684778,CASEY (D PA)
RI,2006,206110,179001,WHITEHOUSE (D RI)
TN,2006,879976,929911,CORKER (R TN)
TX,2006,1555202,2661789,HUTCHISON (R TX)
UT,2006,177459,356238,HATCH (R UT)
VT,2006,171638,84924,SANDERS (Indep VT)
VA,2006,1175606,1166277,WEBB (D VA)
WA,2006,1184659,832106,CANTWELL (D WA)
WV,2006,296276,155043,BYRD (D WV)
WI,2006,1439214,630299,KOHL (D WI)
WY,2006,57671,135174,THOMAS (R WY)
AL,2004,595018,1242200,SHELBY (R AL)
AK,2004,140424,149773,MURKOWSKI (R AK)
AZ,2004,404507,1505372,MCCAIN (R AZ)
AR,2004,580973,458036,LINCOLN (D AZ)
CA,2004,6955728,4555922,BOXER (D CA)
CO,2004,1081188,980668,SALAZAR (D CO)
CT,2004,945347,457749,DODD (D CT)
FL,2004,3590201,3672864,MARTINEZ (R FL)
GA,2004,1267690,1864202,ISAKSON (R GA)
HI,2004,313629,87172,INOUYE (D HI)
ID,2004,4136,499796,CRAPO (R ID)
IL,2004,3597456,1390690,OBAMA (D IL)
IN,2004,1496976,903913,BAYH (D IN)
IA,2004,412365,1038175,GRASSLEY (R IA)
KS,2004,310337,780863,BROWNBACK (R KS)
KY,2004,850855,873507,BUNNING (R KY)
LA,2004,877482,943014,VITTER (R LA)
MD,2004,1504691,783055,MIKULSKI (D MD)
MO,2004,1158261,1518089,BOND (R MO)
NV,2004,494805,284640,REID (D NV)
NH,2004,221549,434847,GREGG (R NH)
NY,2004,4769824,1625069,SCHUMER (D NY)
NC,2004,1632527,1791450,BURR (R NC)
ND,2004,212143,98553,DORGAN (D ND)
OH,2004,1961249,3464651,VOINOVICH (R OH)
OK,2004,596750,763433,COBURN (R OK)
OR,2004,1128728,565254,WYDEN (D OR)
PA,2004,2334126,2925080,SPECTER (R PA)
SC,2004,704384,857167,DEMINT (R SC)
SD,2004,193340,197848,THUNE (R SD)
UT,2004,258955,626640,BENNETT (R UT)
VT,2004,216972,75398,LEAHY (D VT)
WA,2004,1549708,1204584,MURRAY (D WA)
WI,2004,1632697,1301183,FEINGOLD (D WI)
AL,2002,538878,792561,SESSIONS (R AL)
AK,2002,24133,179438,STEVENS (R AK)
AR,2002,433306,370653,PRYOR (D AR)
CO,2002,648130,717893,ALLARD (R CO)
DE,2002,135253,94793,BIDEN (D DE)
GA,2002,932422,1071352,CHAMBLISS (R GA)
ID,2002,132975,266215,CRAIG (R ID)
IL,2002,2103766,1325703,DURBIN (D IL)
IA,2002,554278,447892,HARKIN (D IA)
KS,2002,70725,641075,ROBERTS (R KS)
KY,2002,399634,731679,MCCONNELL (R KY)
LA,2002,638654,596642,LANDRIEU (D LA)
ME,2002,209858,295041,COLLINS (R ME)
MA,2002,1605976,369807,KERRY (D MA)
MI,2002,1896614,1185545,LEVIN (D MI)
MN,2002,1078627,1116697,COLEMAN (R MN)
MS,2002,97226,533269,COCHRAN (R MS)
MT,2002,204853,103611,BAUCUS (D MT)
NE,2002,70290,397438,HAGEL (R NE)
NH,2002,207478,227229,SUNUNU (R NH)
NJ,2002,1138193,928439,LAUTENBERG (D NJ)
NM,2002,169039,314301,DOMENICI (R NM)
NC,2002,1047983,1248664,DOLE (R NC)
OK,2002,369789,583579,INHOFE (R OK)
OR,2002,501898,712287,SMITH (R NH)
RI,2002,253922,69881,REED (D RI)
SC,2002,487359,600010,GRAHAM (R SC)
SD,2002,167481,166957,JOHNSON (D SD)
TN,2002,728295,891420,ALEXANDER (R TN)
TX,2002,1955758,2496243,CORNYN (R TX)
VA,2002,145102,1229894,WARNER (R VA)
WV,2002,275281,160902,ROCKEFELLER (D WV)
WY,2002,49570,133710,ENZI (R WY)
AZ,2000,109230,1108196,KYL (R AZ)
CA,2000,5932522,3886853,FEINSTEIN (D CA)
CT,2000,828902,448077,LIEBERMAN (D CT)
DE,2000,181566,142891,CARPER (D DE)
FL,2000,2989487,2705348,NELSON (D FL)
HI,2000,251215,84701,AKAKA (D HI)
IN,2000,683273,1427944,LUGAR (R IN)
ME,2000,197183,437689,SNOWE (R ME)
MD,2000,1230013,715178,SARBANES (D MD)
MA,2000,1889494,334341,KENNEDY (D MA)
MI,2000,2061952,1994693,STABENOW (D MI)
MN,2000,1181553,1047474,DAYTON (D MN)
MS,2000,314090,654941,LOTT (R MS)
MO,2000,1191812,1142852,CARNAHAN (D MO)
MT,2000,194430,208082,BURNS (R MT)
NE,2000,353093,337977,NELSON (D FL)
NV,2000,238260,330687,ENSIGN (R NV)
NJ,2000,1511237,1420267,CORZINE (D NJ)
NM,2000,363744,225517,BINGAMAN (D NM)
NY,2000,3749310,2915738,CLINTON (D NY)
ND,2000,176470,111069,CONRAD (D ND)
OH,2000,1597122,2666736,DEWINE (R OH)
PA,2000,2154908,2481962,SANTORUM (R PA)
RI,2000,161023,222588,CHAFEE (R RI)
TN,2000,621152,1255444,FRIST (R TN)
TX,2000,2030315,4082091,HUTCHISON (R TX)
UT,2000,242569,504803,HATCH (R UT)
VT,2000,73352,189133,JEFFORDS (R VT)
VA,2000,1296093,1420460,ALLEN (R VA)
WA,2000,1199437,1197208,CANTWELL (D WA)
WV,2000,469215,121635,BYRD (D WV)
WI,2000,1563238,940744,KOHL (D WI)
WY,2000,47087,157622,THOMAS (R WY)
AL,1998,474568,817973,SHELBY (R AL)
AK,1998,43743,165227,MURKOWSKI (R AK)
AZ,1998,275224,696577,MCCAIN (R AZ)
AR,1998,385878,295870,LINCOLN (D AZ)
CA,1998,4411705,3576351,BOXER (D CA)
CO,1998,464754,829370,CAMPBELL (R CO)
CT,1998,628306,312177,DODD (D CT)
FL,1998,2436407,1463755,GRAHAM (D FL)
GA,1998,791904,918540,COVERDELL (R GA)
HI,1998,315252,70964,INOUYE (D HI)
ID,1998,107375,262966,CRAPO (R ID)
IL,1998,1610496,1709041,FITZGERALD(R IL)
IN,1998,1012244,552732,BAYH (D IN)
IA,1998,289049,648480,GRASSLEY (R IA)
KS,1998,229718,474639,BROWNBACK (R KS)
KY,1998,563051,569817,BUNNING (R KY)
LA,1998,630395,314580,BREAUX (D LA)
MD,1998,1062810,444637,MIKULSKI (D MD)
MO,1998,690208,830625,BOND (R MO)
NV,1998,208650,208222,REID (D NV)
NH,1998,88883,213477,GREGG (R NH)
NY,1998,2551065,2058988,SCHUMER (D NY)
NC,1998,1029237,945943,EDWARDS (D NC)
ND,1998,134747,75013,DORGAN (D ND)
OH,1998,1482054,1922087,VOINOVICH (R OH)
OK,1998,268898,570682,NICKLES (R OK)
OR,1998,682425,377739,LIM (R OR)
PA,1998,1028839,1814180,SPECTER (R PA)
SC,1998,562791,488132,HOLLINGS (D SC)
SD,1998,162884,95431,DASCHLE (D SD)
UT,1998,163172,316652,BENNETT (R UT)
VT,1998,154567,48051,LEAHY (D VT)
WA,1998,1103184,785377,MURRAY (D WA)
WI,1998,890059,852272,FEINGOLD (D WI)
AL,1996,681651,786436,SESSIONS (R AL)
AK,1996,23977,177893,STEVENS (R AK)
AR,1996,400241,445942,HUTCHINSON (R AR)
CO,1996,677600,750325,ALLARD (R CO)
DE,1996,165465,105088,BIDEN (D DE)
GA,1996,1103993,1073969,CLELAND (D GA)
ID,1996,198422,283532,CRAIG (R ID)
IL,1996,2384028,1728824,DURBIN (D IL)
IA,1996,634166,571807,HARKIN (D IA)
KS,1996,362380,652677,ROBERTS (R KS)
KY,1996,560012,724794,MCCONNELL (R KY)
LA,1996,852945,847157,LANDRIEU (D LA)
ME,1996,266226,298422,COLLINS (R ME)
MA,1996,1334345,1142837,KERRY (D MA)
MI,1996,2195738,1500106,LEVIN (D MI)
MN,1996,1098493,901282,WELLSTONE (D MN)
MS,1996,240647,624154,COCHRAN (R MS)
MT,1996,201935,182111,BAUCUS (D MT)
NE,1996,281904,379933,HAGEL (R NE)
NH,1996,227397,242304,SMITH (R NH)
NJ,1996,1519328,1227817,TORRICELLI (D NJ)
NM,1996,164356,357171,DOMENICI (R NM)
NC,1996,1173875,1345833,HELMS (R NC)
OK,1996,474162,670610,INHOFE (R OK)
OR,1996,624370,677336,SMITH (R OR)
RI,1996,230676,127368,REED (D RI)
SC,1996,510951,619859,THURMOND (R SC)
SD,1996,166533,157954,JOHNSON (D SD)
TN,1996,654937,1091554,THOMPSON (R TN)
TX,1996,2428776,3027680,GRAMM (R TX)
VA,1996,1115982,1235744,WARNER (R VA)
WV,1996,456526,139088,ROCKEFELLER (D WV)
WY,1996,89103,114116,ENZI (R WY)
AZ,1994,442510,600999,KYL (R AZ)
CA,1994,3979152,3817025,FEINSTEIN (D CA)
CT,1994,723842,334833,LIEBERMAN (D CT)
DE,1994,84540,111074,CASTLE (R DE)
FL,1994,1210577,2895200,MACK (R FL)
HI,1994,256189,86320,AKAKA (D HI)
IN,1994,470799,1039625,LUGAR (R IN)
ME,1994,186042,308244,SNOWE (R ME)
MD,1994,809125,559908,SARBANES (D MD)
MA,1994,1265997,894000,KENNEDY (D MA)
MI,1994,1300960,1578770,ABRAHAM (R MI)
MN,1994,781860,869653,GRAMS (R MN)
MS,1994,189752,418333,LOTT (R MS)
MO,1994,633697,1060149,ASHCROFT (R MO)
MT,1994,131845,218542,BURNS (R MT)
NE,1994,317297,260668,KERREY (D NE)
NV,1994,193804,156020,BRYAN (D NV)
NJ,1994,1033487,966244,LAUTENBERG (D NJ)
NM,1994,249989,213025,BINGAMAN (D NM)
NY,1994,2646541,1988308,MOYNIHAN (D NY)
ND,1994,137157,99390,CONRAD (D ND)
OH,1994,1348213,1836556,DEWINE (R OH)
PA,1994,1648481,1735691,SANTORUM (R PA)
RI,1994,122532,222856,CHAFEE (R RI)
TN,1994,623164,834226,FRIST (R TN)
TX,1994,1639615,2604218,HUTCHISON (R TX)
UT,1994,146938,357297,HATCH (R UT)
VT,1994,85868,106505,JEFFORDS (R VT)
VA,1994,938376,882213,ROBB (D VA)
WA,1994,752352,947821,GORTON (R WA)
WV,1994,290495,130441,BYRD (D WV)
WI,1994,912662,636989,KOHL (D WI)
WY,1994,79287,118754,THOMAS (R WY)
AL,1992,1022698,522015,SHELBY (D AL)
AK,1992,92065,127163,MURKOWSKI (R AK)
AZ,1992,436321,771395,MCCAIN (R AZ)
AR,1992,553635,366373,BUMPERS (D AR)
CA,1992,5173467,4644182,BOXER (D CA)
CO,1992,803725,662893,CAMPBELL (D CO)
CT,1992,882569,572036,DODD (D CT)
FL,1992,3245585,1716511,GRAHAM (D FL)
GA,1992,618774,635118,COVERDELL (R GA)
HI,1992,208266,97928,INOUYE (D HI)
ID,1992,208036,270468,KEMPTHORNE (R ID)
IL,1992,2631229,2126833,MOSELEY-BRA (D IL)
IN,1992,900148,1267972,COATS (R IN)
IA,1992,351561,899761,GRASSLEY (R IA)
KS,1992,349525,706246,DOLE (R KS)
KY,1992,836888,476604,FORD (D KY)
LA,1992,1,0,BREAUX (D LA)
MD,1992,1307610,533688,MIKULSKI (D MD)
MO,1992,1057967,1221901,BOND (R MO)
NV,1992,253150,199413,REID (D NV)
NH,1992,234982,249591,GREGG (R NH)
NY,1992,3086200,3166994,D'AMATO (R NY)
NC,1992,1194015,1297892,FAIRCLOTH (R NC)
ND,1992,179347,118162,DORGAN (D ND)
OH,1992,2444419,2028300,GLENN (D OH)
OK,1992,494350,757876,NICKLES (R OK)
OR,1992,639851,717455,PACKWOOD (R OR)
PA,1992,2244966,2358125,SPECTER (R PA)
SC,1992,591030,554175,HOLLINGS (D SC)
SD,1992,217095,108733,DASCHLE (D SD)
UT,1992,301228,420069,BENNETT (R UT)
VT,1992,154762,123854,LEAHY (D VT)
WA,1992,1197973,1020829,MURRAY (D WA)
WI,1992,1290662,1129599,FEINGOLD (D WI)
AL,1990,717814,467190,HEFLIN (D AL)
AK,1990,61152,125806,STEVENS (R AK)
AR,1990,493910,825,PRYOR (D AR)
CO,1990,425746,569048,BROWN (R CO)
DE,1990,112918,64554,BIDEN (D DE)
GA,1990,1033439,0,NUNN (D GA)
ID,1990,122295,193641,CRAIG (R ID)
IL,1990,2115377,1135628,SIMON (D IL)
IA,1990,535975,446869,HARKIN (D IA)
KS,1990,207491,578605,KASSEBAUM (R KS)
KY,1990,437976,478034,MCCONNELL (R KY)
LA,1990,1,0,JOHNSTON (D LA)
ME,1990,201053,319167,COHEN (R ME)
MA,1990,1321712,992917,KERRY (D MA)
MI,1990,1471753,1055695,LEVIN (D MI)
MN,1990,911999,864375,WELLSTONE (D MN)
MS,1990,0,274244,COCHRAN (R MS)
MT,1990,217563,93836,BAUCUS (D MT)
NE,1990,349779,243013,EXON (D NE)
NH,1990,91299,189792,SMITH (R NH)
NJ,1990,977810,918874,BRADLEY (D NJ)
NM,1990,110033,296712,DOMENICI (R NM)
NC,1990,981573,1089012,HELMS (R NC)
OR,1990,507743,590095,HATFIELD (R OR)
RI,1990,225105,138947,PELL (D RI)
SC,1990,244112,482032,THURMOND (R SC)
TN,1990,529914,233324,GORE (D TN)
TX,1990,1429986,2302357,GRAMM (R TX)
VA,1990,196755,876782,WARNER (R VA)
AZ,1988,660403,478060,DECONCINI (D AZ)
CA,1988,4287253,5143409,WILSON (R CA)
CT,1988,688499,678454,LIEBERMAN (D CT)
DE,1988,151115,92378,ROTH (R DE)
FL,1988,2016553,2051071,MACK (R FL)
HI,1988,247941,66987,MATSUNAGA (D HI)
IN,1988,668778,1430525,LUGAR (R IN)
ME,1988,452581,104164,MITCHELL (D ME)
MD,1988,999166,617537,SARBANES (D MD)
MA,1988,1693344,884267,KENNEDY (D MA)
MI,1988,2116865,1348216,RIEGLE (D MI)
MN,1988,856694,1176210,DURENBERGER (R MN)
MS,1988,436339,510380,LOTT (R MS)
MO,1988,660045,1407416,DANFORTH (R MO)
MT,1988,175809,189445,BURNS (R MT)
NE,1988,378717,278250,KERREY (D NE)
NV,1988,175548,161336,BRYAN (D NV)
NJ,1988,1599905,1349937,LAUTENBERG (D NJ)
NM,1988,321983,186579,BINGAMAN (D NM)
NY,1988,4048649,1875784,MOYNIHAN (D NY)
ND,1988,171899,112937,BURDICK (D ND)
OH,1988,2480038,1872716,METZENBAUM (D OH)
PA,1988,1416764,2901715,HEINZ (R PA)
RI,1988,180717,217273,CHAFEE (R RI)
TN,1988,1020061,541033,SASSER (D TN)
TX,1988,3149806,2129228,BENTSEN (D TX)
UT,1988,203364,430089,HATCH (R UT)
VT,1988,71469,163203,JEFFORDS (R VT)
VA,1988,1474086,593652,ROBB (D VA)
WA,1988,904183,944359,GORTON (R WA)
WV,1988,410983,223564,BYRD (D WV)
WI,1988,1128625,1030440,KOHL (D WI)
WY,1988,89821,91143,WALLOP (R WY)
AL,1986,609360,602537,SHELBY (D AL)
AK,1986,79727,97764,MURKOWSKI (R AK)
AZ,1986,340965,521850,MCCAIN (R AZ)
AR,1986,433122,262313,BUMPERS (D AR)
CA,1986,3646672,3541804,CRANSTON (D CA)
CO,1986,529449,512994,WIRTH (D CO)
CT,1986,632695,340438,DODD (D CT)
FL,1986,1877543,1552376,GRAHAM (D FL)
GA,1986,623707,601241,FOWLER (D GA)
HI,1986,241887,86910,INOUYE (D HI)
ID,1986,185066,196958,SYMMS (R ID)
IL,1986,2033783,1053734,DIXON (D IL)
IN,1986,595192,936143,QUAYLE (R IN)
IA,1986,299406,588880,GRASSLEY (R IA)
KS,1986,246664,576902,DOLE (R KS)
KY,1986,503775,173330,FORD (D KY)
LA,1986,723586,646311,BREAUX (D LA)
MD,1986,675225,437411,MIKULSKI (D MD)
MO,1986,699624,7776112,BOND (R MO)
NV,1986,130955,116606,REID (D NV)
NH,1986,79222,154090,RUDMAN (R NH)
NY,1986,1723216,2378197,D'AMATO (R NY)
NC,1986,780967,753881,SANFORD (D NC)
ND,1986,143932,141812,CONRAD (D ND)
OH,1986,1949208,1171893,GLENN (D OH)
OK,1986,400230,493436,NICKLES (R OK)
OR,1986,375735,656317,PACKWOOD (R OR)
PA,1986,1448219,1906537,SPECTER (R PA)
SC,1986,465000,262886,HOLLINGS (D SC)
UT,1986,115523,314608,GARN (R UT)
VT,1986,124123,67798,LEAHY (D VT)
WA,1986,677471,650931,ADAMS (D WA)
WI,1986,702963,754573,KASTEN (R WI)
AL,1984,860535,498508,HEFLIN (D AL)
AK,1984,58804,146919,STEVENS (R AK)
AR,1984,502341,373615,PRYOR (D AR)
CO,1984,449327,833821,ARMSTRONG (R CO)
DE,1984,147831,98101,BIDEN (D DE)
GA,1984,1344104,337196,NUNN (D GA)
ID,1984,105591,293193,MCCLURE (R ID)
IL,1984,2397165,2308039,SIMON (D IL)
IA,1984,716883,564381,HARKIN (D IA)
KS,1984,211664,757402,KASSEBAUM (R KS)
KY,1984,639721,644990,MCCONNELL (R KY)
LA,1984,,,JOHNSTON (D LA)
ME,1984,142626,404414,COHEN (R ME)
MA,1984,1393150,1136913,KERRY (D MA)
MI,1984,1915831,1745302,LEVIN (D MI)
MN,1984,852844,1199926,BOSCHWITZ (R MN)
MS,1984,371926,580314,COCHRAN (R MS)
MT,1984,215704,154308,BAUCUS (D MT)
NE,1984,332217,307147,EXON (D NE)
NH,1984,157447,225828,HUMPHREY (R NH)
NJ,1984,1986644,1080100,BRADLEY (D NJ)
NM,1984,141253,361371,DOMENICI (R NM)
NC,1984,1070488,1156768,HELMS (R NC)
OK,1984,906131,280638,BOREN (D OK)
OR,1984,406122,808152,HATFIELD (R OR)
RI,1984,285811,107545,PELL (D RI)
SC,1984,306982,644815,THURMOND (R SC)
SD,1984,80537,235176,PRESSLER (R SD)
TN,1984,1000607,557016,GORE (D TN)
TX,1984,2202557,3111348,GRAMM (R TX)
VA,1984,601142,1406194,WARNER (R VA)
WV,1984,374233,344680,ROCKEFELLER (D WV)
WY,1984,40525,146373,SIMPSON (R WY)
AZ,1982,411970,291749,DECONCINI (D AZ)
CA,1982,3494968,4022565,WILSON (R CA)
CT,1982,499146,545987,WEICKER (R CT)
DE,1982,84413,105357,ROTH (R DE)
FL,1982,1637667,1015330,CHILES (D FL)
HI,1982,245386,52071,MATSUNAGA (D HI)
IN,1982,828400,978301,LUGAR (R IN)
ME,1982,279819,179882,MITCHELL (D ME)
MD,1982,707356,407334,SARBANES (D MD)
MA,1982,1247084,784602,KENNEDY (D MA)
MI,1982,1728793,1223288,RIEGLE (D MI)
MN,1982,840401,949207,DURENBERGER (R MN)
MS,1982,414099,230927,STENNIS (D MS)
MO,1982,758629,784876,DANFORTH (R MO)
MT,1982,174861,133789,MELCHER (D MT)
NE,1982,363350,155760,ZORINSKY (D NE)
NV,1982,114720,120377,HECHT (R NV)
NJ,1982,1117549,1047626,LAUTENBERG (D NJ)
NM,1982,217682,187128,BINGAMAN (D NM)
NY,1982,3232146,1696766,MOYNIHAN (D NY)
ND,1982,164873,89304,BURDICK (D ND)
OH,1982,1923767,1396790,METZENBAUM (D OH)
PA,1982,1412965,2136418,HEINZ (R PA)
RI,1982,167283,175495,CHAFEE (R RI)
TN,1982,780113,479642,SASSER (D TN)
TX,1982,1818223,1256759,BENTSEN (D TX)
UT,1982,219482,309332,HATCH (R UT)
VT,1982,79340,84449,STAFFORD (R VT)
VA,1982,690839,724571,TRIBLE (R VA)
WA,1982,943655,332273,JACKSON (D WA)
WV,1982,387170,173910,BYRD (D WV)
WI,1982,983311,527355,PROXMIRE (D WY)
WY,1982,72466,947725,WALLOP (R WY)
AL,1980,610175,650362,DENTON (R AL)
AK,1980,72007,84159,MURKOWSKI (R AK)
AZ,1980,422972,432371,GOLDWATER (R AZ)
AR,1980,477905,330576,BUMPERS (D AR)
CA,1980,4704098,3091671,CRANSTON (D CA)
CO,1980,590501,571295,HART (R CO)
CT,1980,763969,581884,DODD (D CT)
FL,1980,1705409,1822460,HAWKINS (R FL)
HI,1980,224485,53068,INOUYE (D HI)
ID,1980,214439,218701,SYMMS (R ID)
IL,1980,2565302,1946296,DIXON (D IL)
IN,1980,1015962,1182414,QUAYLE (R IN)
IA,1980,581545,683014,GRASSLEY (R IA)
KS,1980,340271,598686,DOLE (R KS)
KY,1980,720891,386029,FORD (D KY)
LA,1980,484770,325922,LONG (D LA)
MD,1980,435118,850970,MATHIAS (R MD)
MO,1980,1074859,985399,EAGLETON (D MO)
NV,1980,92129,144224,LAXALT (R NV)
NH,1980,179455,195559,RUDMAN (R NH)
NY,1980,2618661,2699652,D'AMATO (R NY)
NC,1980,887653,898064,EAST (R NC)
ND,1980,86658,210347,ANDREWS (R ND)
OH,1980,2770786,1137695,GLENN (D OH)
OK,1980,478283,587252,NICKLES (R OK)
OR,1980,501963,594290,PACKWOOD (R OR)
PA,1980,2122391,2230404,SPECTER (R PA)
SC,1980,612554,257946,HOLLINGS (D SC)
SD,1980,129018,190594,ABDNOR (R SD)
UT,1980,151454,437675,GARN (R UT)
VT,1980,104176,101421,LEAHY (D VT)
WA,1980,792052,936317,GORTON (R WA)
WI,1980,1065487,1106311,KASTEN (R WI)
AL,1978,547054,34951,HEFLIN (D AL)
AK,1978,29574,92783,STEVENS (R AK)
AR,1978,395506,84308,PRYOR (D AR)
CO,1978,330148,480801,ARMSTRONG (R CO)
DE,1978,93930,66479,BIDEN (D DE)
GA,1978,536320,108808,NUNN (D GA)
ID,1978,89635,194412,MCCLURE (R ID)
IL,1978,1448187,1698711,PERCY (R IL)
IA,1978,395066,421598,JEPSEN (R IA)
KS,1978,317602,403354,KASSEBAUM (R KS)
KY,1978,290730,175766,HUDDLESTON (D KY)
LA,1978,1,0,JOHNSTON (D LA)
ME,1978,127327,212294,COHEN (R ME)
MA,1978,1093283,890584,TSONGAS (D MA)
MI,1978,1484193,1362165,LEVIN (D MI)
MN,1978,638375,894092,BOSCHWITZ (R MN)
MS,1978,187541,267302,COCHRAN (R MS)
MT,1978,160353,127589,BAUCUS (D MT)
NE,1978,334096,159706,EXON (D NE)
NH,1978,127945,133745,HUMPHREY (R NH)
NJ,1978,1082960,844200,BRADLEY (D NJ)
NM,1978,160045,183442,DOMENICI (R NM)
NC,1978,516663,619151,HELMS (R NC)
OK,1978,493953,247857,BOREN (D OK)
OR,1978,341616,550165,HATFIELD (R OR)
RI,1978,229557,76061,PELL (D RI)
SC,1978,280146,351917,THURMOND (R SC)
SD,1978,84767,179832,PRESSLER (R SD)
TN,1978,466228,642644,BAKER (R TN)
TX,1978,1139149,1151376,TOWER (R TX)
VA,1978,608511,613232,WARNER (R VA)
WV,1978,249034,244317,RANDOLPH (D WV)
WY,1978,50456,82908,SIMPSON (R WY)
AZ,1976,400334,321236,DECONCINI (D AZ)
CA,1976,3502862,3748973,HAYAKAWA (R CA)
CT,1976,561018,719261,WEICKER (R CT)
DE,1976,98042,125454,ROTH (R DE)
FL,1976,1799518,1057886,CHILES (D FL)
HI,1976,162305,122724,MATSUNAGA (D HI)
IN,1976,868522,1275833,LUGAR (R IN)
ME,1976,292704,193489,MUSKIE (D ME)
MD,1976,772101,530439,SARBANES (D MD)
MA,1976,1726657,722641,KENNEDY (D MA)
MI,1976,1831031,1635087,RIEGLE (D MI)
MN,1976,1290736,478602,HUMPHREY (D MN)
MS,1976,554433,0,STENNIS (D MS)
MO,1976,813571,1090067,DANFORTH (R MO)
MT,1976,206232,115213,MELCHER (D MT)
NE,1976,313805,279284,ZORINSKY (D NE)
NV,1976,127214,63471,CANNON (D NV)
NJ,1976,1681140,1054508,WILLIAMS (D NJ)
NM,1976,176382,234681,SCHMITT (R NM)
NY,1976,3512594,2836633,MOYNIHAN (D NY)
ND,1976,175772,103466,BURDICK (D ND)
OH,1976,1941113,1823774,METZENBAUM (D OH)
PA,1976,2126977,2381891,HEINZ (R PA)
RI,1976,167665,230329,CHAFEE (R RI)
TN,1976,751180,673231,SASSER (D TN)
TX,1976,2199956,1636370,BENTSEN (D TX)
UT,1976,223948,290221,HATCH (R UT)
VT,1976,85682,94481,STAFFORD (R VT)
VA,1976,596009,890778,BYRD (Indep VA)
WA,1976,1071219,361546,JACKSON (D WA)
WV,1976,566359,0,BYRD (D WV)
WI,1976,1396970,521902,PROXMIRE (D WY)
WY,1976,70558,84810,WALLOP (R WY)
AL,1974,501541,21749,ALLEN (D AL)
AK,1974,54361,38914,GRAVEL (D AK)
AZ,1974,229523,320396,GOLDWATER (R AZ)
AR,1974,461056,82026,BUMPERS (D AR)
CA,1974,3639334,2176315,CRANSTON (D CA)
CO,1974,471688,325526,HART (R CO)
CT,1974,690820,372055,RIBICOFF (D CT)
FL,1974,781031,736674,STONE (D FL)
GA,1974,627376,246866,TALMADGE (D GA)
HI,1974,207454,42767,INOUYE (D HI)
ID,1974,145140,109072,CHURCH (D ID)
IL,1974,1811496,1084884,STEVENSON (D IL)
IN,1974,889269,814117,BAYH (D IN)
IA,1974,426947,420546,CULVER (D IA)
KS,1974,390451,403983,DOLE (R KS)
KY,1974,398887,328260,FORD (D KY)
LA,1974,434643,0,LONG (D LA)
MD,1974,374563,503223,MATHIAS (R MD)
MO,1974,735433,480900,EAGLETON (D MO)
NV,1974,78981,79605,LAXALT (R NV)
NH,1974,110924,110926,WYMAN (R NH)
NY,1974,1973781,2340188,JAVITS (R NY)
NC,1974,633775,377618,MORGAN (D NC)
ND,1974,114675,114852,YOUNG (R ND)
OH,1974,1930670,918133,GLENN (D OH)
OK,1974,387162,390997,BELLMON (R OK)
OR,1974,338591,420984,PACKWOOD (R OR)
PA,1974,1596121,1843317,SCHWEIKER (R PA)
SC,1974,356126,146645,HOLLINGS (D SC)
SD,1974,147929,130955,MCGOVERN (D SD)
UT,1974,185377,210299,GARN (R UT)
VT,1974,67125,66223,LEAHY (D VT)
WA,1974,611811,363626,MAGNUSON (D WA)
WI,1974,740700,429327,NELSON (D WI)
AL,1972,654491,347523,SPARKMAN (D AL)
AK,1972,21791,74216,STEVENS (R AK)
AR,1972,386398,248238,MCCLELLAN (D AR)
CO,1972,457545,447957,HASKELL (D CO)
DE,1972,116006,112844,BIDEN (D DE)
GA,1972,635970,542331,NUNN (D GA)
ID,1972,140913,161804,MCCLURE (R ID)
IL,1972,1721031,2867078,PERCY (R IL)
IA,1972,662637,530525,CLARK (D IA)
KS,1972,200764,622591,PEARSON (R KS)
KY,1972,528550,494337,HUDDLESTON (D KY)
LA,1972,598987,206846,JOHNSTON (D LA)
ME,1972,224270,197040,HATHAWAY (D ME)
MA,1972,823278,1505932,BROOKE (R MA)
MI,1972,1577178,1781065,GRIFFIN (R MI)
MN,1972,981320,742121,MONDALE (D MN)
MS,1972,375102,249779,EASTLAND (D MS)
MT,1972,163609,151316,METCALF (D MT)
NE,1972,265922,301841,CURTIS (R NE)
NH,1972,184495,139852,MCINTYRE (D NH)
NJ,1972,963573,1743854,CASE (R NJ)
NM,1972,173815,204253,DOMENICI (R NM)
NC,1972,677293,795248,HELMS (R NC)
OK,1972,478212,516934,BARTLETT (R OK)
OR,1972,425036,494671,HATFIELD (R OR)
RI,1972,221942,188990,PELL (D RI)
SC,1972,241056,415806,THURMOND (R SC)
SD,1972,174773,131613,ABOUREZK (D SD)
TN,1972,440599,716539,BAKER (R TN)
TX,1972,1511985,1822877,TOWER (R TX)
VA,1972,643963,718337,SCOTT (R VA)
WV,1972,486310,245531,RANDOLPH (D WV)
WY,1972,40753,101314,HANSEN (R WY)
OK,1990,735684,148814,BOREN (D OK)
SD,1990,116727,135682,PRESSLER (R SD)
WV,1990,276234,128071,ROCKEFELLER (D WV)
WY,1990,56848,100784,SIMPSON (R WY)
SD,1986,152657,143173,DASCHLE (D SD)
GA,1980,776143,803686,MATTINGLY (R GA)
HI,1970,116597,124163,FONG (R HI)
IN,1970,870990,866707,HARTKE (D IN)
MS,1970,286622,37593,STENNIS (D MS)
NJ,1970,1157074,903026,WILLIAMS (D NJ)
NM,1970,151486,135004,MONTOYA (D NM)
OH,1970,1495262,1565682,TAFT (R OH)
TN,1970,519858,562645,BROCK (R TN)
TX,1970,1226568,1071234,BENTSEN (D TX)
VA,1970,294582,144765,RAWLINGS (D VA)
VT,1970,62271,91198,PROUTY (R VT)
WI,1970,948445,381297,PROXMIRE (D WI)
WY,1970,67207,53279,MCGEE (D WY)
LA,1968,518586,0,LONG (D LA)
NC,1968,870406,566934,ERVIN (D NC)
OH,1968,1814152,1928964,SAXBE (R OH)
VT,1968,62416,94738,AIKEN (R VT)
WI,1968,1020931,633910,NELSON (D WI)
AK,1968,36527,30286,GRAVEL (D AK)
AL,1968,638774,201227,ALLEN (D AL)
AR,1968,349965,241731,FULBRIGHT (D AR)
AZ,1968,205338,274607,GOLDWATER (R AZ)
CA,1968,3615261,3275679,CRANSTON (D CA)
CO,1968,325584,459952,DOMINICK (R CO)
CT,1968,655043,551455,RICIBOFF (D CT)
FL,1968,892637,1131499,GURNEY (R FL)
GA,1968,885093,256796,TALMADGE (D GA)
HI,1968,189248,34008,INOUYE (D HI)
IA,1968,574884,568469,HUGHES (D IA)
ID,1968,173482,114394,CHURCH (D ID)
IL,1968,2073242,2358947,DIRKSEN (R IL)
IN,1968,1060456,988571,BAYH (D IN)
KS,1968,315911,490911,DOLE (R KS)
KY,1968,448960,484260,COOK (R KY)
MD,1968,443667,541893,MATHIAS (R MD)
MO,1968,880113,845144,EAGLETON (D MO)
ND,1968,80815,154968,YOUNG (R ND)
NH,1968,116816,170163,COTTON (R NH)
NV,1968,83622,69083,BIBLE (D NV)
NY,1968,2150659,3269772,JAVITS (R NY)
OK,1968,419658,470120,BELLMON (R OK)
OR,1968,405380,408825,PACKWOOD (R OR)
PA,1968,2117662,2399762,SCHWEIKER (R PA)
SC,1968,404060,248780,HOLLINGS (D SC)
SD,1968,158961,120951,MCGOVERN (D SD)
UT,1968,192168,225075,BENNETT (R UT)
WA,1968,796183,435894,MAGNUSON (D WA)
AZ,1970,179512,228284,FANNIN (R AZ)
CA,1970,3496558,2877617,TUNNEY (D CA)
CT,1970,368111,454721,WEICKER (R CT)
DE,1970,64740,94979,ROTH (R DE)
FL,1970,902438,772817,CHILES (D FL)
MA,1970,1202856,715978,KENNEDY (D MA)
MD,1970,460422,484960,BEALL (R MD)
ME,1970,199954,123906,MUSKIE (D ME)
MI,1970,1744672,858438,HART (D MI)
MN,1970,788256,568025,HUMPHREY (D MN)
MO,1970,654831,617903,SYMINGTON (D MO)
MT,1970,150060,97809,MANSFIELD (D MT)
ND,1970,134519,82996,BURDICK (D ND)
NE,1970,217681,240894,HRUSKA (R NE)
NV,1970,85187,60838,CANNON (D NV)
NY,1970,2288190,2171232,BUCKLEY (Conservative NY)
PA,1970,1653774,1874106,SCOTT (R PA)
RI,1970,230469,107351,PASTORE (D RI)
UT,1970,210207,159004,MOSS (D UT)
WA,1970,879385,170790,JACKSON (D WA)
WV,1970,345965,99658, (D WV)